"ID"|"author"|"is_white"|"score"|"upvote_ratio"|"comments"|"created"|"created_utc"
"fp34lo"|"mikeingout"|1|8893|0.94|246|"2020-03-26 02:01:06"|1585188066.0
"gve45d"|"wonderif234"|1|8257|0.96|290|"2020-06-02 19:36:33"|1591126593.0
"dx6gnf"|"ck1971ck"|1|5627|0.97|58|"2019-11-16 12:44:06"|1573908246.0
"e53ohc"|"Mhrk5"|0|4747|0.97|74|"2019-12-02 19:02:46"|1575313366.0
"f2qxjm"|"Bromo2018"|1|4731|0.98|87|"2020-02-12 13:06:05"|1581512765.0
"ftm6ar"|"leandavexx"|1|4695|0.97|53|"2020-04-02 13:18:06"|1585833486.0
"dqlvxu"|"Muggy_Duke"|1|4030|0.97|93|"2019-11-02 15:43:02"|1572709382.0
"ffc4k2"|"Boddah1996"|1|3996|0.98|116|"2020-03-08 12:51:30"|1583671890.0
"f53vtj"|"anxiouscharlie"|1|3903|0.96|56|"2020-02-17 05:29:34"|1581917374.0
"f14nea"|"audiR8_"|1|3844|0.98|147|"2020-02-09 06:08:12"|1581228492.0
"fmdejl"|"trizzzzzzle"|1|3817|0.96|92|"2020-03-21 11:08:48"|1584788928.0
"gymtsf"|"freeethnkr"|1|3813|0.97|83|"2020-06-07 23:03:35"|1591571015.0
"fwpck3"|"Austx10"|1|3789|0.96|158|"2020-04-07 18:06:08"|1586282768.0
"e0gg4m"|""|1|3768|0.98|89|"2019-11-23 10:55:09"|1574506509.0
"g5hcrd"|"bigfatgypsythrowaway"|0|3742|0.93|188|"2020-04-21 15:31:45"|1587483105.0
"cihugl"|"LyncolnMD"|0|3734|0.97|78|"2019-07-27 14:02:11"|1564236131.0
"dw9fzv"|"gymfreakjim"|1|3725|0.97|161|"2019-11-14 13:20:01"|1573737601.0
"d7alec"|"pmole2002"|1|3680|0.97|143|"2019-09-21 13:38:09"|1569073089.0
"enfqvm"|"StAubertSeattle"|1|3648|0.95|114|"2020-01-12 00:07:05"|1578787625.0
"ewxdkf"|"Norader"|1|3570|0.98|75|"2020-01-31 23:53:11"|1580514791.0
"fyj9xh"|"jhpf01"|1|3519|0.97|69|"2020-04-10 16:37:46"|1586536666.0
"gb2svh"|"kjroundy"|1|3505|0.98|115|"2020-04-30 19:48:08"|1588276088.0
"cukqq5"|""|1|3463|0.97|106|"2019-08-23 22:08:54"|1566598134.0
"fjcqiw"|"Qazwsxedcop"|1|3448|0.96|132|"2020-03-16 01:35:04"|1584322504.0
"e98d2h"|"therealtechzune"|1|3381|0.97|75|"2019-12-11 15:17:19"|1576077439.0
"flakbg"|"redkid94"|1|3377|0.98|131|"2020-03-19 14:06:09"|1584626769.0
"cd2lqk"|"CrazyGrahamer"|1|3370|0.97|86|"2019-07-14 12:44:04"|1563108244.0
"cv9vgp"|""|1|3342|0.97|78|"2019-08-25 15:28:52"|1566746932.0
"gtyrhc"|"jafetsigfinns"|1|3323|0.97|111|"2020-05-31 13:07:02"|1590930422.0
"gbqczc"|"DaffodilDress"|1|3304|0.96|103|"2020-05-01 21:03:04"|1588366984.0
"etf2ln"|"Thetazofva91"|0|3293|0.98|92|"2020-01-24 19:16:12"|1579893372.0
"e7dd7o"|"Istanbulli"|1|3285|0.97|45|"2019-12-07 11:38:36"|1575718716.0
"ej0upy"|"Muggy_Duke"|1|3292|0.98|76|"2020-01-02 17:04:50"|1577984690.0
"ckbnm9"|""|0|3293|0.98|81|"2019-07-31 17:34:09"|1564594449.0
"h13u4x"|"AnotherAlex94"|1|3287|0.98|26|"2020-06-11 17:32:06"|1591896726.0
"g4h4si"|"flaggedexplicit"|0|3262|0.97|57|"2020-04-19 22:46:58"|1587336418.0
"flw6as"|"Muggy_Duke"|0|3241|0.97|141|"2020-03-20 14:45:36"|1584715536.0
"etsuc7"|"Austx10"|1|3223|0.95|40|"2020-01-25 16:28:49"|1579969729.0
"crvjby"|"JNRmatt"|1|3161|0.96|85|"2019-08-18 02:22:15"|1566094935.0
"dbjl00"|"mcjordan87"|1|3164|0.96|65|"2019-09-30 22:37:09"|1569883029.0
"eesvly"|"jvaske30"|1|3127|0.99|159|"2019-12-23 23:57:45"|1577145465.0
"fh1fx2"|"thecrayonthief"|1|3126|0.99|69|"2020-03-11 18:05:16"|1583949916.0
"fn1y8m"|"jcsports"|1|3124|0.94|86|"2020-03-22 16:04:53"|1584893093.0
"cqi0uw"|"aramelijah"|1|3062|0.98|91|"2019-08-14 23:51:07"|1565826667.0
"dhw8r8"|"ND2CA"|1|3059|0.97|50|"2019-10-14 20:08:15"|1571083695.0
"dp9oji"|"-Zinger"|1|3052|0.97|63|"2019-10-30 17:19:16"|1572455956.0
"e9wtr7"|"jordanhasacamera"|1|3038|0.98|110|"2019-12-13 01:15:37"|1576199737.0
"ehczra"|"banjoboyslim"|1|3032|0.98|74|"2019-12-29 22:55:30"|1577660130.0
"esvori"|"elozio"|1|3027|0.96|157|"2020-01-23 16:44:17"|1579797857.0
"cxvxtl"|"LachlanJD"|1|3028|0.97|43|"2019-08-31 14:06:33"|1567260393.0
"ddvf0v"|"primerman"|1|3022|0.98|85|"2019-10-05 23:46:58"|1570319218.0
"ge48ze"|"homotherapy"|1|3001|0.96|212|"2020-05-05 19:25:32"|1588706732.0
"h7jig5"|"cos94"|1|3001|0.98|100|"2020-06-12 12:08:23"|1591963703.0
"e3ic7b"|"PandaBeatd0wn"|1|2995|0.95|103|"2019-11-29 18:09:42"|1575050982.0
"d16dm9"|"audiR8_"|0|2962|0.99|52|"2019-09-08 04:15:29"|1567916129.0
"g3stfv"|"Austx10"|1|2951|0.97|100|"2020-04-18 18:55:00"|1587236100.0
"elw8kn"|"Norader"|1|2938|0.98|67|"2020-01-08 17:59:41"|1578506381.0
"crkh1f"|"CrazyGrahamer"|0|2925|0.97|53|"2019-08-17 10:20:19"|1566037219.0
"dsk31g"|"double-leg-day"|1|2924|0.95|71|"2019-11-06 18:05:16"|1573063516.0
"gloc9q"|"Atemiswolf"|0|2892|0.96|113|"2020-05-17 21:57:55"|1589752675.0
"dn0peh"|"TalkingWithTed"|1|2874|0.98|79|"2019-10-25 17:27:17"|1572024437.0
"cluqdb"|"maksim88"|1|2834|0.98|154|"2019-08-04 10:01:42"|1564912902.0
"g7e1dw"|"Mickfarland"|1|2833|0.98|108|"2020-04-24 18:44:48"|1587753888.0
"e680bg"|"BlakeTheBagel"|1|2821|0.96|83|"2019-12-04 23:28:00"|1575502080.0
"eoa2nr"|"bammbamm95"|1|2806|0.98|108|"2020-01-13 20:48:22"|1578948502.0
"g26ly7"|"CBMSt1"|1|2807|0.98|74|"2020-04-16 02:48:17"|1587005297.0
"fhfayq"|"riley10001"|1|2790|0.97|77|"2020-03-12 12:07:19"|1584014839.0
"h929p3"|"jcsports"|1|2802|0.96|160|"2020-06-14 21:35:31"|1592170531.0
"ext2zi"|"asteps13"|1|2768|0.97|296|"2020-02-02 18:53:56"|1580669636.0
"danqju"|"danthaman15"|1|2744|0.97|123|"2019-09-28 23:49:09"|1569714549.0
"cjehrv"|"tylorolyt"|0|2741|0.97|47|"2019-07-29 17:34:37"|1564421677.0
"e8dzm4"|"b-enchante"|1|2745|0.97|69|"2019-12-09 18:39:29"|1575916769.0
"gzhgfy"|"athewmayy"|1|2739|0.98|83|"2020-06-09 06:22:14"|1591683734.0
"d8d8rm"|"entj_bot"|1|2730|0.98|90|"2019-09-23 21:29:30"|1569274170.0
"covwbs"|"totriuga"|0|2697|0.94|109|"2019-08-11 11:58:36"|1565524716.0
"cuzkx3"|"Norader"|1|2699|0.96|52|"2019-08-24 21:46:19"|1566683179.0
"ecj1r7"|"calcuslut"|0|2702|0.98|81|"2019-12-18 21:36:55"|1576705015.0
"dmjb8f"|"bammbamm95"|1|2695|0.98|126|"2019-10-24 17:02:02"|1571936522.0
"ho8s4n"|"enyad2018"|1|2723|0.97|80|"2020-07-09 18:47:47"|1594320467.0
"dkyftf"|"Sneaker95"|1|2683|0.97|160|"2019-10-21 10:19:57"|1571653197.0
"erci0o"|"TJTurnItUp"|1|2668|0.98|59|"2020-01-20 12:17:30"|1579522650.0
"dfekdj"|"CharlieFryer"|1|2662|0.98|72|"2019-10-09 09:22:59"|1570612979.0
"dxriwm"|"pauliesbutterfly"|1|2661|0.97|59|"2019-11-17 19:53:49"|1574020429.0
"eq4z3f"|"SanagiSenpai"|0|2654|0.98|97|"2020-01-17 19:18:52"|1579288732.0
"e301dk"|"tommysreddit1"|1|2653|0.95|65|"2019-11-28 16:12:28"|1574957548.0
"hhrzrn"|"throwaway20190228"|1|2666|0.97|73|"2020-06-29 02:55:35"|1593399335.0
"f71eiw"|"petraCOR"|1|2651|0.99|117|"2020-02-20 22:54:42"|1582239282.0
"dkzjwp"|"Tequila_Sour"|1|2624|0.98|54|"2019-10-21 12:05:43"|1571659543.0
"feya3e"|"DaffodilDress"|1|2612|0.99|81|"2020-03-07 17:28:13"|1583602093.0
"fpew0w"|"edwardlomaxx"|1|2598|0.98|139|"2020-03-26 16:49:08"|1585241348.0
"d743ku"|"throwaway8991011"|0|2594|0.98|91|"2019-09-21 01:17:03"|1569028623.0
"eir548"|"Austx10"|0|2585|0.98|30|"2020-01-02 01:30:08"|1577928608.0
"h8k0vi"|"saxamahoya"|1|2585|0.98|119|"2020-06-14 01:04:06"|1592096646.0
"g8odfq"|"tx_otter"|1|2581|0.98|76|"2020-04-26 22:52:00"|1587941520.0
"gnr0bc"|"IntelligentFruit3"|1|2574|0.98|81|"2020-05-21 05:32:24"|1590039144.0
"dcwswp"|"BlakeTheBagel"|1|2559|0.97|76|"2019-10-03 20:38:05"|1570135085.0
"ffmq4c"|"mason6216"|1|2552|0.98|28|"2020-03-09 01:15:43"|1583716543.0
"fe7tl5"|"calcuslut"|0|2553|0.98|74|"2020-03-06 04:00:01"|1583467201.0
"ejdk5c"|"eihe00"|0|2555|0.97|46|"2020-01-03 10:16:19"|1578046579.0
"fvn6mv"|"supvicko"|0|2541|0.98|80|"2020-04-05 22:50:37"|1586127037.0
"dccy22"|"b-enchante"|1|2540|0.97|79|"2019-10-02 16:53:35"|1570035215.0
"e40duy"|"bammbamm95"|1|2543|0.96|61|"2019-11-30 17:51:29"|1575136289.0
"ejixug"|"FELlXTHECAT"|1|2523|0.98|42|"2020-01-03 17:52:52"|1578073972.0
"gcd0kd"|"Commander-Cunt"|1|2495|0.97|60|"2020-05-02 20:11:24"|1588450284.0
"d8uadl"|"gmanz33"|1|2492|0.97|76|"2019-09-24 22:09:02"|1569362942.0
"gpi1i4"|"wonderif234"|1|2491|0.98|104|"2020-05-24 02:48:29"|1590288509.0
"e0v3kx"|"samiow88"|1|2489|0.98|87|"2019-11-24 06:47:10"|1574578030.0
"gszk37"|"lilboymatty"|1|2484|0.96|37|"2020-05-29 19:31:09"|1590780669.0
"fvqgxr"|"productmt"|1|2481|0.98|89|"2020-04-06 02:27:00"|1586140020.0
"e9mwpm"|""|1|2467|0.97|88|"2019-12-12 12:26:56"|1576153616.0
"fxrnnu"|"adrusson"|1|2461|0.97|94|"2020-04-09 12:36:40"|1586435800.0
"evsof8"|"connor-unconvered"|0|2450|0.98|80|"2020-01-29 20:28:22"|1580329702.0
"edeqsv"|"double-leg-day"|1|2448|0.93|47|"2019-12-20 19:26:50"|1576870010.0
"g338yq"|"YohanFortier"|0|2445|0.95|56|"2020-04-17 14:40:09"|1587134409.0
"dhegp8"|"steviejr19"|1|2443|0.99|45|"2019-10-13 18:33:35"|1570991615.0
"gwmz0m"|"Mecrogamer"|0|2440|0.99|60|"2020-06-04 18:21:11"|1591294871.0
"e8rido"|"_cuntessa"|1|2434|0.97|81|"2019-12-10 14:48:06"|1575989286.0
"gx4ztx"|"kecook02"|0|2429|0.98|31|"2020-06-05 13:54:10"|1591365250.0
"dc6jnv"|"loganz93"|1|2412|0.97|56|"2019-10-02 06:44:02"|1569998642.0
"eijt24"|""|0|2413|0.94|99|"2020-01-01 16:00:14"|1577894414.0
"cvor33"|"ImpressiveSecret"|1|2409|0.97|55|"2019-08-26 14:23:18"|1566829398.0
"de3u91"|""|1|2400|0.96|86|"2019-10-06 14:20:13"|1570371613.0
"eqovw4"|"hunglilsnapper"|1|2399|0.97|104|"2020-01-19 00:14:47"|1579392887.0
"ebfows"|"kyloren711"|0|2391|0.97|60|"2019-12-16 14:18:46"|1576505926.0
"fkftfi"|"CBMSt1"|1|2392|0.98|41|"2020-03-17 23:53:40"|1584489220.0
"gvsltt"|"kaoliko"|1|2381|0.98|97|"2020-06-03 11:57:20"|1591185440.0
"cz63xg"|"tristank8"|0|2377|0.98|36|"2019-09-03 15:07:33"|1567523253.0
"fgekk1"|"Dazzling_Currency"|1|2371|0.98|70|"2020-03-10 14:23:00"|1583850180.0
"d3fon8"|"Hellassst"|1|2361|0.96|50|"2019-09-12 22:35:30"|1568327730.0
"gguzq4"|"flordia44"|1|2348|0.98|50|"2020-05-10 04:40:19"|1589085619.0
"dvs0ic"|"Chernabog18"|1|2353|0.96|101|"2019-11-13 13:49:21"|1573652961.0
"gv1q5o"|"grantskene"|1|2343|0.99|60|"2020-06-02 06:03:21"|1591077801.0
"diueqo"|"bammbamm95"|1|2339|0.99|77|"2019-10-16 19:31:08"|1571254268.0
"e1b1i5"|"banjoboyslim"|1|2330|0.98|47|"2019-11-25 04:56:02"|1574657762.0
"fxe2ip"|"BlTCHBOl"|0|2337|0.95|101|"2020-04-08 20:23:13"|1586377393.0
"fufg2r"|"brevit"|0|2325|0.97|37|"2020-04-03 20:07:04"|1585944424.0
"cgkyw3"|"jgholcomb10"|1|2323|0.97|43|"2019-07-22 23:45:31"|1563839131.0
"eud9ld"|"shadowsnstuff"|1|2324|0.97|59|"2020-01-26 21:28:53"|1580074133.0
"fi5uee"|"tonybenwhite"|1|2310|0.97|89|"2020-03-13 20:04:24"|1584129864.0
"g157ox"|"polychrom"|1|2305|0.99|94|"2020-04-14 13:08:11"|1586869691.0
"g8eocj"|""|1|2295|0.98|111|"2020-04-26 13:52:59"|1587909179.0
"f8g8iz"|"shadowsnstuff"|1|2293|0.98|63|"2020-02-23 21:29:15"|1582493355.0
"cs0u2s"|"tommysreddit1"|1|2295|0.97|206|"2019-08-18 12:54:16"|1566132856.0
"cj0jfs"|"CBMSt1"|1|2286|0.98|40|"2019-07-28 19:56:57"|1564343817.0
"cplncj"|"azaraf"|1|2279|0.97|73|"2019-08-13 01:02:54"|1565658174.0
"gkmn9v"|"Thesleepyfisherman4"|1|2273|0.97|66|"2020-05-16 02:11:57"|1589595117.0
"drjanz"|"adrusson"|1|2267|0.98|32|"2019-11-04 15:40:21"|1572882021.0
"geyksx"|"bradanderic"|0|2269|0.98|60|"2020-05-07 02:59:58"|1588820398.0
"gyam73"|"grantskene"|1|2258|0.98|41|"2020-06-07 11:26:37"|1591529197.0
"d1vqta"|"duckssrule"|1|2257|0.98|86|"2019-09-09 19:30:07"|1568057407.0
"g690o0"|"Thee_Prince_Brian"|1|2255|0.98|67|"2020-04-22 20:43:50"|1587588230.0
"dzkwin"|"tommysreddit1"|1|2252|0.97|79|"2019-11-21 15:31:21"|1574350281.0
"gungdu"|"Commander-Cunt"|1|2252|0.98|57|"2020-06-01 16:15:44"|1591028144.0
"ep77s9"|"Chokolla"|1|2251|0.96|93|"2020-01-15 19:42:40"|1579117360.0
"ctv3ai"|"adamcaswell"|1|2245|0.98|84|"2019-08-22 09:43:08"|1566466988.0
"gf6a1y"|"mikeyw713"|1|2239|0.97|75|"2020-05-07 13:12:05"|1588857125.0
"cgy20w"|"j_footslog"|1|2241|0.97|31|"2019-07-23 20:33:08"|1563913988.0
"ds6get"|"pilotrubes"|1|2238|0.97|61|"2019-11-05 22:10:31"|1572991831.0
"hnmnx8"|"AnotherAlex94"|1|2243|0.98|69|"2020-07-08 18:37:56"|1594233476.0
"g9wbwd"|"Da-Jesuss"|1|2223|0.97|112|"2020-04-28 21:43:10"|1588110190.0
"f3rcud"|"plazaverde"|1|2224|0.99|70|"2020-02-14 12:14:13"|1581682453.0
"cllf3v"|""|0|2221|0.97|39|"2019-08-03 17:34:40"|1564853680.0
"didxzv"|"Commander-Cunt"|1|2220|0.96|66|"2019-10-15 20:31:49"|1571171509.0
"dkiic7"|"BackScratchMeGuys"|1|2213|0.97|72|"2019-10-20 11:36:47"|1571571407.0
"db7yuq"|"CharlieFryer"|1|2214|0.98|78|"2019-09-30 07:20:23"|1569828023.0
"gawaqk"|"adrusson"|1|2213|0.96|76|"2020-04-30 14:06:27"|1588255587.0
"e86txx"|""|0|2210|0.99|93|"2019-12-09 07:36:01"|1575876961.0
"fw4b5s"|"jafetsigfinns"|1|2195|0.98|63|"2020-04-06 18:41:11"|1586198471.0
"ch7veh"|"MattEngland"|1|2194|0.97|54|"2019-07-24 12:59:23"|1563973163.0
"emd7ke"|"rdshi"|0|2184|0.97|51|"2020-01-09 17:52:11"|1578592331.0
"ew42hv"|"gman1998gman"|0|2184|0.98|53|"2020-01-30 11:35:38"|1580384138.0
"ed2a5p"|"loganz93"|0|2178|0.98|31|"2019-12-20 00:35:46"|1576802146.0
"gdfqi1"|"GoState19"|1|2180|0.98|61|"2020-05-04 17:18:45"|1588612725.0
"hd9xyd"|"callmeonmyzelphone"|1|2178|0.98|30|"2020-06-21 16:39:19"|1592757559.0
"hj9oyy"|"azaraf"|1|2177|0.98|100|"2020-07-01 12:59:41"|1593608381.0
"hmr5nf"|"abissharma"|1|2191|0.98|63|"2020-07-07 09:10:28"|1594113028.0
"frhcdc"|"stevenleexxx"|0|2171|0.98|44|"2020-03-30 01:08:23"|1585530503.0
"dnlmq6"|"jafetsigfinns"|1|2168|0.98|52|"2019-10-26 23:34:29"|1572132869.0
"eg5ljk"|"wrestlerboy99"|1|2164|0.98|58|"2019-12-27 03:24:30"|1577417070.0
"d3p3qm"|"smtp25"|1|2157|0.98|70|"2019-09-13 13:15:24"|1568380524.0
"gjv1gx"|"ewilkins42"|1|2166|0.97|72|"2020-05-14 21:04:03"|1589490243.0
"hl2qxx"|"svit420"|1|2162|0.98|52|"2020-07-04 12:45:04"|1593866704.0
"co156v"|"stripped-2020"|1|2162|0.98|38|"2019-08-09 11:35:46"|1565350546.0
"ck5349"|"FroeyX"|1|2156|0.98|97|"2019-07-31 07:24:16"|1564557856.0
"faoj2e"|"brandondoesthings"|0|2158|0.97|61|"2020-02-28 03:42:01"|1582861321.0
"f1xvdn"|"QueenPacifica"|1|2144|0.98|36|"2020-02-10 22:07:37"|1581372457.0
"d27z2s"|"mightyknothead"|1|2151|0.97|41|"2019-09-10 14:04:30"|1568124270.0
"cxklpt"|"BanDiglett"|1|2151|0.98|112|"2019-08-30 18:07:25"|1567188445.0
"eel9t1"|"Kevin_O_Loacvick"|0|2143|0.97|31|"2019-12-23 14:29:50"|1577111390.0
"f7ibhy"|"jerdodds"|1|2140|0.98|76|"2020-02-21 21:48:42"|1582321722.0
"g7x6jo"|"CBMSt1"|1|2135|0.96|57|"2020-04-25 17:13:32"|1587834812.0
"cwojxs"|"snowppl"|1|2134|0.97|69|"2019-08-28 18:13:22"|1567016002.0
"gp5fqb"|"potatochippopotamus"|1|2131|0.98|82|"2020-05-23 14:03:37"|1590242617.0
"h0jeoa"|"canadian_boii"|1|2129|0.98|46|"2020-06-10 20:26:52"|1591820812.0
"d1ofon"|"felicisblackkk"|0|2127|0.97|48|"2019-09-09 09:12:31"|1568020351.0
"gps9ks"|"callmeonmyzelphone"|1|2119|0.98|81|"2020-05-24 16:08:32"|1590336512.0
"dzznxr"|""|0|2120|0.97|79|"2019-11-22 11:21:21"|1574421681.0
"g1gxk9"|"treblapeanut"|1|2109|0.97|82|"2020-04-14 23:59:05"|1586908745.0
"d87fep"|""|1|2110|0.98|40|"2019-09-23 14:40:43"|1569249643.0
"fegwnc"|"gman1998gman"|0|2104|0.99|56|"2020-03-06 17:32:23"|1583515943.0
"dxn4ab"|"billyd3551"|1|2109|0.98|49|"2019-11-17 14:24:16"|1574000656.0
"exddvm"|"theworldtonight"|0|2101|0.98|49|"2020-02-01 22:01:35"|1580594495.0
"g2t9vy"|"iggy9595"|1|2088|0.97|78|"2020-04-17 02:31:08"|1587090668.0
"fq4tfq"|"Ah_mtl"|1|2094|0.98|61|"2020-03-27 20:19:54"|1585340394.0
"cknask"|""|1|2088|0.98|44|"2019-08-01 11:47:09"|1564660029.0
"fqsqha"|"spongefireIB"|1|2087|0.97|49|"2020-03-28 21:15:14"|1585430114.0
"fs1mfr"|"trxston"|1|2082|0.99|139|"2020-03-30 23:18:54"|1585610334.0
"fckeu8"|"BackScratchMeGuys"|0|2079|0.97|71|"2020-03-02 22:36:25"|1583188585.0
"hahx5o"|"nerd_buff"|1|2077|0.99|80|"2020-06-17 02:08:24"|1592359704.0
"df6uqs"|"danthaman15"|1|2076|0.98|87|"2019-10-08 21:44:57"|1570571097.0
"ce4f9r"|"PatientWolf202"|0|2068|0.97|34|"2019-07-16 22:54:17"|1563317657.0
"g6v4p9"|"IndependentFlash"|1|2064|0.98|80|"2020-04-23 21:16:26"|1587676586.0
"f5kpdo"|"theworldtonight"|1|2061|0.97|76|"2020-02-18 02:47:51"|1581994071.0
"dy2af3"|"gaymerbro87"|1|2063|0.97|29|"2019-11-18 12:01:55"|1574078515.0
"f0fy47"|""|1|2058|0.98|61|"2020-02-07 20:01:53"|1581105713.0
"g964hi"|"elozio"|1|2056|0.97|60|"2020-04-27 18:16:27"|1588011387.0
"csy3zu"|"LachlanJD"|1|2051|0.97|39|"2019-08-20 12:39:47"|1566304787.0
"fsjral"|"connor-unconvered"|1|2044|0.97|53|"2020-03-31 19:43:58"|1585683838.0
"g4zazi"|"Kelvinist"|1|2046|0.98|65|"2020-04-20 19:22:56"|1587410576.0
"e4p80k"|"lordarathron"|1|2039|0.99|67|"2019-12-01 22:45:42"|1575240342.0
"fbzb64"|"Austx10"|1|2040|0.98|72|"2020-03-01 19:38:34"|1583091514.0
"fo5vgp"|"AldmeriAmbassador"|1|2042|0.99|69|"2020-03-24 14:20:03"|1585059603.0
"dlxau5"|"Sckoko"|0|2044|0.97|65|"2019-10-23 10:27:41"|1571826461.0
"gti6iq"|"adultcantalope"|1|2033|0.99|75|"2020-05-30 17:39:22"|1590860362.0
"f6184n"|"elozio"|1|2035|0.97|94|"2020-02-18 23:40:26"|1582069226.0
"gqtyvx"|"FreddyConwell"|1|2025|0.98|55|"2020-05-26 09:41:28"|1590486088.0
"d4z6fb"|"Boge32"|0|2028|0.96|64|"2019-09-16 11:13:04"|1568632384.0
"guv2qm"|"JackStripes"|0|2027|0.98|80|"2020-06-01 22:54:48"|1591052088.0
"efq1qr"|"WolfieZee"|1|2025|0.96|71|"2019-12-26 03:19:32"|1577330372.0
"dtk5u0"|"phoenix_inthefire"|0|2021|0.97|64|"2019-11-08 19:12:39"|1573240359.0
"fcy1fb"|"asteps13"|1|2024|0.98|72|"2020-03-03 17:29:17"|1583256557.0
"czxyxs"|"ND2CA"|1|2017|0.99|45|"2019-09-05 08:23:01"|1567671781.0
"dsgpkz"|"ThatAverageJo"|0|2015|0.97|59|"2019-11-06 14:02:25"|1573048945.0
"dkajwl"|"calcuslut"|1|2012|0.94|62|"2019-10-19 22:12:50"|1571523170.0
"cem7wr"|"Newbury_guy"|0|2011|0.98|19|"2019-07-18 01:57:10"|1563415030.0
"ehrei5"|"bammbamm95"|1|2016|0.98|57|"2019-12-30 20:14:42"|1577736882.0
"fnphi6"|"lucaserrano1"|1|2007|0.97|84|"2020-03-23 18:49:47"|1584989387.0
"cyxkee"|"connorooo"|1|2007|0.97|49|"2019-09-03 00:33:39"|1567470819.0
"gkvo3z"|"BanDiglett"|1|2013|0.98|87|"2020-05-16 14:38:51"|1589639931.0
"frm7we"|"jhpf01"|1|2002|0.98|64|"2020-03-30 07:15:29"|1585552529.0
"hgutp1"|"bullshitbender"|1|2009|0.98|60|"2020-06-27 14:49:43"|1593269383.0
"ec9r8j"|"alsoknownasyou"|1|2004|0.99|61|"2019-12-18 08:07:54"|1576656474.0
"dutvkf"|"b-enchante"|0|2000|0.97|60|"2019-11-11 15:26:50"|1573486010.0
"fuqtiw"|"josebert_"|1|1996|0.97|62|"2020-04-04 09:35:21"|1585992921.0
"egn3u7"|"tonybenwhite"|1|1999|0.96|66|"2019-12-28 06:02:24"|1577512944.0
"firgr7"|""|1|1989|0.95|61|"2020-03-14 23:10:18"|1584227418.0
"hia4q1"|"nvella95"|1|1987|0.99|102|"2020-06-29 22:13:06"|1593468786.0
"ektcqi"|"marcellstefan"|1|1985|0.98|39|"2020-01-06 12:12:37"|1578312757.0
"d65i3v"|""|1|1985|0.96|94|"2019-09-18 23:30:28"|1568849428.0
"egye43"|"dickdarling"|1|1970|0.97|82|"2019-12-28 23:55:51"|1577577351.0
"efw05a"|""|1|1974|0.96|45|"2019-12-26 14:27:24"|1577370444.0
"cxbkag"|"Bleunagigaming97"|1|1967|0.97|22|"2019-08-30 03:40:48"|1567136448.0
"fx3069"|"bigboylias"|0|1975|0.96|46|"2020-04-08 08:53:58"|1586336038.0
"giaxty"|"Beards-of-a-Feather"|1|1963|0.98|84|"2020-05-12 13:11:45"|1589289105.0
"gr6d3o"|"MidnightStarkid"|1|1968|0.97|35|"2020-05-26 21:44:29"|1590529469.0
"d36k73"|"N30702T"|1|1962|0.96|81|"2019-09-12 11:34:18"|1568288058.0
"ct7f7p"|"smimtith"|1|1960|0.96|58|"2019-08-20 22:27:09"|1566340029.0
"gmyord"|"jppx23"|1|1959|0.97|42|"2020-05-19 22:20:38"|1589926838.0
"f7a2su"|"JamesOkenedy"|1|1956|0.97|49|"2020-02-21 11:59:44"|1582286384.0
"dubrra"|"Nil_Barcelona"|1|1952|0.98|37|"2019-11-10 14:01:55"|1573394515.0
"fydgs1"|""|1|1950|0.96|33|"2020-04-10 10:30:13"|1586514613.0
"hcn8n1"|"Andrewryanhyde"|1|1958|0.98|69|"2020-06-20 14:34:03"|1592663643.0
"cspk9q"|"petraCOR"|1|1952|0.98|65|"2019-08-19 23:46:14"|1566258374.0
"fdba89"|"moremartinmo"|1|1945|0.98|72|"2020-03-04 10:47:24"|1583318844.0
"dq1x0b"|"Benvio"|1|1946|0.97|36|"2019-11-01 09:33:01"|1572600781.0
"dfyetk"|"Leomisis"|1|1949|0.97|99|"2019-10-10 13:59:47"|1570715987.0
"d2ix9s"|"thenameisbeveridge"|1|1944|0.96|53|"2019-09-11 02:13:28"|1568168008.0
"ewczeu"|"connor-unconvered"|0|1942|0.97|68|"2020-01-30 21:49:50"|1580420990.0
"fua1mk"|"trxston"|1|1946|0.98|86|"2020-04-03 15:08:43"|1585926523.0
"czoj67"|"DDawgson_"|0|1939|0.96|23|"2019-09-04 18:10:41"|1567620641.0
"d6mygw"|"ImpressiveSecret"|1|1935|0.98|52|"2019-09-20 00:28:49"|1568939329.0
"ci6w22"|"guyberk"|1|1931|0.97|28|"2019-07-26 18:55:32"|1564167332.0
"g3bqht"|"marrymyplug"|1|1935|0.91|47|"2020-04-17 22:12:59"|1587161579.0
"hklqy1"|"Acrobitch"|0|1934|0.99|32|"2020-07-03 16:07:47"|1593792467.0
"cym8wz"|"NotSkyve"|1|1926|0.98|31|"2019-09-02 08:18:32"|1567412312.0
"eb8bzt"|"jgholcomb10"|0|1932|0.98|31|"2019-12-16 01:51:35"|1576461095.0
"dkphnv"|"pilotrubes"|1|1928|0.95|53|"2019-10-20 20:39:48"|1571603988.0
"f4q46h"|"axornium"|0|1926|0.97|82|"2020-02-16 12:36:09"|1581856569.0
"f2f1s4"|"theworldtonight"|1|1921|0.97|67|"2020-02-11 21:07:17"|1581455237.0
"gcrd3f"|"espresso_patronum08"|1|1917|0.98|54|"2020-05-03 14:19:47"|1588515587.0
"fu6n37"|"luque_003"|1|1913|0.95|94|"2020-04-03 11:19:53"|1585912793.0
"hhe4mp"|"canadian_boii"|1|1914|0.97|61|"2020-06-28 13:12:24"|1593349944.0
"d43zii"|"dthors95"|0|1910|0.98|63|"2019-09-14 11:27:35"|1568460455.0
"fav8nb"|"double-leg-day"|1|1906|0.98|67|"2020-02-28 14:09:45"|1582898985.0
"eed1kp"|"MyTinFoilHatBroke"|1|1910|0.98|55|"2019-12-23 00:49:31"|1577062171.0
"f7zxvi"|"petros94742"|0|1903|0.97|53|"2020-02-22 22:24:02"|1582410242.0
"hevk9r"|"coffeelovingfox"|1|1915|0.98|37|"2020-06-24 06:06:57"|1592978817.0
"d60qzj"|"PoOPIESCOoP329"|0|1901|0.96|52|"2019-09-18 17:02:48"|1568826168.0
"gc3ute"|"squashjuice"|1|1899|0.98|63|"2020-05-02 09:48:37"|1588412917.0
"edwlu2"|"POpopo87"|0|1892|0.95|72|"2019-12-21 22:49:23"|1576968563.0
"cprxlo"|""|1|1893|0.98|60|"2019-08-13 11:41:26"|1565696486.0
"h8e8ad"|"ThisIsNotOriginal22"|1|1916|0.98|61|"2020-06-13 19:42:08"|1592077328.0
"fdukqk"|"the_other_rob"|1|1894|0.98|73|"2020-03-05 12:32:08"|1583411528.0
"ex5kaj"|"BackScratchMeGuys"|1|1889|0.98|24|"2020-02-01 12:38:21"|1580560701.0
"esh1ph"|"petraCOR"|1|1887|0.98|39|"2020-01-22 19:46:38"|1579722398.0
"fkvawy"|"___to___be___"|1|1888|0.96|74|"2020-03-18 19:17:39"|1584559059.0
"dr36pw"|"Qaratrian"|1|1883|0.98|42|"2019-11-03 16:59:23"|1572800363.0
"f1nsio"|"DBCpembroke"|1|1876|0.98|62|"2020-02-10 09:07:06"|1581325626.0
"cdkbu9"|"Royal_con"|1|1881|0.97|124|"2019-07-15 17:19:20"|1563211160.0
"cformx"|"jcsports"|1|1872|0.98|15|"2019-07-20 18:00:59"|1563645659.0
"hh26yc"|"So-porkbelly"|1|1883|0.97|51|"2020-06-27 21:44:35"|1593294275.0
"ghb02v"|"tommysreddit1"|0|1875|0.97|38|"2020-05-10 22:25:17"|1589149517.0
"he1aqn"|"ftmlavaboy"|1|1872|0.98|64|"2020-06-22 21:31:48"|1592861508.0
"d4sdms"|""|1|1874|0.98|69|"2019-09-15 23:24:33"|1568589873.0
"g6k8g6"|"Shanebenn2"|1|1867|0.98|38|"2020-04-23 10:24:32"|1587637472.0
"dmfggr"|"Pink_Hero"|1|1867|0.95|55|"2019-10-24 12:07:08"|1571918828.0
"fg2aks"|"petraCOR"|1|1863|0.98|48|"2020-03-09 21:32:09"|1583789529.0
"glzrgy"|"kanados"|1|1859|0.99|56|"2020-05-18 11:32:30"|1589801550.0
"cmk3iz"|"callmeonmyzelphone"|1|1863|0.97|40|"2019-08-06 01:29:50"|1565054990.0
"g3ni4g"|"kiwiedu"|0|1860|0.98|67|"2020-04-18 13:28:30"|1587216510.0
"hdl6t3"|"coffeelovingfox"|1|1867|0.98|60|"2020-06-22 04:25:04"|1592799904.0
"eb4bip"|"callmeonmyzelphone"|1|1856|0.98|34|"2019-12-15 20:39:04"|1576442344.0
"cpyjvd"|"breifly_interested"|0|1857|0.96|53|"2019-08-13 20:03:24"|1565726604.0
"drdaf2"|"SwaggedyAndy"|1|1851|0.97|59|"2019-11-04 05:40:30"|1572846030.0
"cflhny"|"snsdreceipts"|1|1852|0.97|56|"2019-07-20 12:53:30"|1563627210.0
"giqlq7"|"vigide2"|1|1851|0.97|36|"2020-05-13 03:02:31"|1589338951.0
"dfqou9"|"norcalboi5253"|1|1847|0.97|70|"2019-10-10 01:15:57"|1570670157.0
"dp42ws"|"Qaratrian"|1|1848|0.98|50|"2019-10-30 08:55:46"|1572425746.0
"fsy9in"|""|0|1850|0.96|69|"2020-04-01 11:47:41"|1585741661.0
"dye3uf"|"Senthusiast5"|0|1850|0.98|38|"2019-11-19 02:36:26"|1574130986.0
"d7pwz4"|"jafetsigfinns"|1|1845|0.97|61|"2019-09-22 12:43:15"|1569156195.0
"cejhl6"|"MrButterCrotch"|1|1843|0.98|60|"2019-07-17 21:55:30"|1563400530.0
"gl9jvl"|"entj_bot"|1|1839|0.99|76|"2020-05-17 04:56:19"|1589691379.0
"g21j5m"|"ignacio9595"|0|1840|0.97|68|"2020-04-15 21:47:42"|1586987262.0
"dqzcut"|"MattEngland"|1|1832|0.97|44|"2019-11-03 11:47:42"|1572781662.0
"hjzsst"|"double-leg-day"|1|1838|0.99|104|"2020-07-02 16:07:57"|1593706077.0
"f6yl71"|"oopsislippedagain"|1|1834|0.97|48|"2020-02-20 19:51:27"|1582228287.0
"cyf2yz"|"ryanspenser"|1|1834|0.97|15|"2019-09-01 20:26:08"|1567369568.0
"go1xgy"|"bradanderic"|1|1835|0.98|34|"2020-05-21 18:08:52"|1590084532.0
"ec344h"|"KalebandKole"|1|1829|0.98|29|"2019-12-17 22:25:42"|1576621542.0
"djbbp8"|"DrakeM97"|1|1833|0.98|23|"2019-10-17 19:28:52"|1571340532.0
"f9zaz8"|"tonybenwhite"|1|1826|0.98|41|"2020-02-26 20:07:47"|1582747667.0
"ha2fpt"|"mwm123"|0|1826|0.98|63|"2020-06-16 11:47:19"|1592308039.0
"dqrrgk"|"slaw81"|1|1823|0.98|53|"2019-11-02 22:43:36"|1572734616.0
"eo71f6"|"Austx10"|1|1820|0.98|38|"2020-01-13 17:14:47"|1578935687.0
"egqhwk"|"FillWri"|1|1824|0.97|93|"2019-12-28 13:01:02"|1577538062.0
"hljcye"|"noconfidencelad"|1|1834|0.98|48|"2020-07-05 08:40:10"|1593938410.0
"fb48pn"|"jjonatthann"|1|1818|0.97|50|"2020-02-29 00:19:54"|1582935594.0
"ef7j22"|"RabbitTheWise"|1|1816|0.98|16|"2019-12-24 21:41:35"|1577223695.0
"cxfige"|"___to___be___"|1|1824|0.97|69|"2019-08-30 11:17:47"|1567163867.0
"hke8n3"|"german_cut_lover"|1|1821|0.98|61|"2020-07-03 06:39:22"|1593758362.0
"emr006"|"jerremypeter"|1|1815|0.97|92|"2020-01-10 13:36:22"|1578663382.0
"h9rcbk"|"shadowsnstuff"|1|1826|0.97|84|"2020-06-15 23:19:18"|1592263158.0
"ehlgvz"|"petrolhead1989"|1|1813|0.98|49|"2019-12-30 12:26:25"|1577708785.0
"dnxxlb"|"bammbamm95"|1|1809|0.99|42|"2019-10-27 19:02:53"|1572202973.0
"fraji8"|"sboylol"|1|1812|0.97|64|"2020-03-29 18:25:32"|1585506332.0
"e7lyd1"|"guitarismyjam"|0|1803|0.97|89|"2019-12-07 23:45:07"|1575762307.0
"cnk406"|"KaiRoesch"|1|1800|0.97|59|"2019-08-08 10:58:24"|1565261904.0
"fcr61g"|"idonothaveanxiety"|1|1800|0.99|28|"2020-03-03 07:32:55"|1583220775.0
"evlpls"|"ck1971ck"|1|1797|0.99|81|"2020-01-29 11:33:07"|1580297587.0
"e5zsf4"|"Muggy_Duke"|1|1798|0.98|48|"2019-12-04 14:12:46"|1575468766.0
"ervbwb"|"Muggy_Duke"|1|1791|0.99|35|"2020-01-21 14:24:25"|1579616665.0
"dpsdkf"|"Thatonegaycop"|1|1788|0.91|27|"2019-10-31 19:16:39"|1572549399.0
"fy2axh"|"gman1998gman"|1|1791|0.98|65|"2020-04-09 22:38:31"|1586471911.0
"emz72w"|"MitchOfGilead"|1|1791|0.98|49|"2020-01-10 23:32:39"|1578699159.0
"foht40"|"cactuspie1972"|0|1783|0.98|35|"2020-03-25 01:42:02"|1585100522.0
"ef1o14"|"Nikeboyyy"|1|1787|0.98|90|"2019-12-24 13:57:56"|1577195876.0
"cs8nt1"|"cat______dog"|1|1782|0.98|32|"2019-08-18 23:12:55"|1566169975.0
"gzvld6"|"Obvious_Zucchini"|0|1783|0.99|38|"2020-06-09 20:37:11"|1591735031.0
"drpowa"|"sobrisket"|0|1783|0.98|28|"2019-11-04 22:49:19"|1572907759.0
"dbcumb"|"Muggy_Duke"|1|1781|0.98|57|"2019-09-30 15:03:05"|1569855785.0
"d6v761"|"Salem_Sinclair"|0|1776|0.96|45|"2019-09-20 13:50:21"|1568987421.0
"cs2f57"|"OneThirdof3"|1|1778|0.97|16|"2019-08-18 15:15:28"|1566141328.0
"dk2xz6"|"luckyL14L"|0|1773|0.98|46|"2019-10-19 12:11:11"|1571487071.0
"g0l6b3"|"Austx10"|1|1777|0.98|65|"2020-04-13 15:31:54"|1586791914.0
"eyo4yq"|"jerremypeter"|1|1779|0.97|82|"2020-02-04 10:29:37"|1580812177.0
"h9nnyq"|"guyberk"|1|1766|0.98|28|"2020-06-15 20:01:02"|1592251262.0
"hmgr47"|"KiwiFaygo"|1|1788|0.97|43|"2020-07-06 21:18:42"|1594070322.0
"hlsu9f"|"bravoboy96"|1|1773|0.97|41|"2020-07-05 19:45:52"|1593978352.0
"cu5w6n"|"tknepp"|1|1763|0.98|33|"2019-08-22 23:57:53"|1566518273.0
"clfnrx"|"lordedelrey"|1|1761|0.98|44|"2019-08-03 06:30:01"|1564813801.0
"fpoarv"|"RosaParksandRec"|0|1766|0.98|51|"2020-03-27 01:44:19"|1585273459.0
"g46pli"|""|0|1761|0.96|91|"2020-04-19 12:14:32"|1587298472.0
"dg5fy7"|"b-enchante"|1|1757|0.98|26|"2019-10-10 22:12:05"|1570745525.0
"flm1zc"|"grassyboys"|1|1762|0.98|42|"2020-03-20 01:23:37"|1584667417.0
"curw6f"|""|1|1764|0.98|50|"2019-08-24 10:42:08"|1566643328.0
"cg4di0"|"Ginger_Giant_"|1|1758|0.97|69|"2019-07-21 21:31:06"|1563744666.0
"hi3gtl"|"Austx10"|1|1762|0.98|40|"2020-06-29 16:49:25"|1593449365.0
"f4v4c7"|"free_range_mason"|1|1751|0.99|52|"2020-02-16 18:53:00"|1581879180.0
"egc5lr"|"peppercal"|1|1752|0.98|56|"2019-12-27 15:02:22"|1577458942.0
"dwr5s4"|"casualcoinshot"|1|1748|0.98|50|"2019-11-15 14:00:23"|1573826423.0
"e5h7hs"|"Pastbrmpl"|1|1745|0.97|58|"2019-12-03 13:36:38"|1575380198.0
"ezm5o7"|"b-enchante"|1|1747|0.97|56|"2020-02-06 03:37:23"|1580960243.0
"e6wxq6"|"toomanyhumans99"|1|1739|0.97|64|"2019-12-06 10:13:59"|1575627239.0
"gdc2rp"|"potatochippopotamus"|1|1741|0.98|113|"2020-05-04 13:57:40"|1588600660.0
"gfyczr"|"petraCOR"|1|1736|0.98|35|"2020-05-08 18:15:13"|1588961713.0
"eovfu3"|"luisezequielmunoz"|1|1733|0.98|36|"2020-01-15 01:50:45"|1579053045.0
"e0nu1t"|"cat______dog"|1|1730|0.99|36|"2019-11-23 20:45:45"|1574541945.0
"eyd5rc"|"___to___be___"|0|1732|0.98|46|"2020-02-03 20:17:47"|1580761067.0
"cw66aq"|"BlakeTheBagel"|1|1724|0.98|41|"2019-08-27 15:40:45"|1566920445.0
"ghz3yu"|"otaviomiranda"|1|1728|0.98|85|"2020-05-11 23:27:46"|1589239666.0
"dh3i9n"|"cactuspie1972"|1|1720|0.98|32|"2019-10-13 00:39:22"|1570927162.0
"hmyaf0"|"b-enchante"|1|1725|0.98|50|"2020-07-07 16:54:04"|1594140844.0
"dzuakx"|"alwayssearchingyyc"|1|1720|0.97|38|"2019-11-22 02:19:04"|1574389144.0
"em7ihv"|"jackiechantatum"|1|1718|0.95|49|"2020-01-09 09:49:18"|1578563358.0
"gl6fw5"|"mayoish"|1|1712|0.98|50|"2020-05-17 01:16:26"|1589678186.0
"germ6r"|"shogun1995"|1|1721|0.98|50|"2020-05-06 20:15:49"|1588796149.0
"gd9upk"|"Poliogirl"|1|1711|0.93|80|"2020-05-04 11:25:47"|1588591547.0
"g2dmjs"|"habbohop059"|0|1706|0.96|59|"2020-04-16 12:02:47"|1587038567.0
"cytb2c"|"Shmoot"|1|1717|0.98|66|"2019-09-02 18:58:20"|1567450700.0
"f0u9x4"|"tommysreddit1"|1|1711|0.98|38|"2020-02-08 17:01:57"|1581181317.0
"e7uk51"|"whikerms"|1|1705|0.98|69|"2019-12-08 14:52:50"|1575816770.0
"fv1tuq"|"poloni3x"|1|1703|0.98|43|"2020-04-04 21:35:53"|1586036153.0
"dyj6kz"|"RabbitTheWise"|0|1706|0.98|52|"2019-11-19 11:24:59"|1574162699.0
"ftfikl"|"kiwiedu"|0|1704|0.98|32|"2020-04-02 04:01:44"|1585800104.0
"f8rwm6"|"kyloren711"|1|1702|0.98|43|"2020-02-24 14:23:26"|1582554206.0
"chstsk"|"RustedMachete"|1|1694|0.97|56|"2019-07-25 20:09:12"|1564085352.0
"d5hqf2"|"Dukes_Dad"|1|1693|0.98|33|"2019-09-17 14:24:57"|1568730297.0
"d1gp9h"|"bakedjack"|1|1696|0.98|73|"2019-09-08 20:47:22"|1567975642.0
"cmws50"|"ImpressiveSecret"|0|1689|0.98|38|"2019-08-06 21:56:05"|1565128565.0
"g61ked"|"FrooferDoofer"|0|1692|0.98|93|"2020-04-22 13:58:03"|1587563883.0
"enp2gj"|"Alldayinallways"|1|1686|0.97|49|"2020-01-12 15:54:37"|1578844477.0
"cpdu56"|"throwawaydchi"|1|1684|0.98|95|"2019-08-12 15:23:40"|1565623420.0
"fopwcr"|"Ah_mtl"|0|1686|0.97|30|"2020-03-25 13:02:49"|1585141369.0
"e09ag5"|"jerremypeter"|1|1682|0.96|75|"2019-11-22 23:24:30"|1574465070.0
"dt868r"|""|1|1681|0.98|79|"2019-11-08 01:45:25"|1573177525.0
"f9sm0m"|""|1|1676|0.97|14|"2020-02-26 12:39:55"|1582720795.0
"dwz57m"|"Commander-Cunt"|1|1675|0.96|41|"2019-11-15 23:55:17"|1573862117.0
"gae3ia"|"Patqm"|1|1677|0.97|42|"2020-04-29 17:57:06"|1588183026.0
"geisdt"|"Exciting-Tower"|1|1671|0.98|65|"2020-05-06 12:08:40"|1588766920.0
"gmoc0s"|"Naomitalls"|1|1667|0.99|76|"2020-05-19 13:14:38"|1589894078.0
"ekbuid"|"Davh92"|1|1671|0.96|39|"2020-01-05 11:23:25"|1578223405.0
"dozcma"|"sddoofus"|1|1667|0.98|54|"2019-10-30 00:50:06"|1572396606.0
"dnsbxu"|"Kyuuba1"|0|1668|0.96|84|"2019-10-27 12:02:08"|1572177728.0
"cjp7bd"|""|0|1665|0.98|40|"2019-07-30 09:16:05"|1564478165.0
"cd2isl"|"am167"|1|1658|0.98|30|"2019-07-14 12:34:52"|1563107692.0
"gg5j94"|"DomnickAtlas"|1|1660|0.97|74|"2020-05-09 00:49:16"|1588985356.0
"ejpqmy"|"ShotsLotta"|1|1661|0.98|39|"2020-01-04 01:56:36"|1578102996.0
"fwja7w"|""|1|1659|0.95|33|"2020-04-07 11:59:44"|1586260784.0
"dswzxd"|"ImpressiveSecret"|1|1657|0.98|34|"2019-11-07 12:23:57"|1573129437.0
"gdwjbk"|"jomu1074"|1|1655|0.98|56|"2020-05-05 12:06:43"|1588680403.0
"fhu93j"|"Burton272727"|0|1659|0.97|44|"2020-03-13 04:46:05"|1584074765.0
"cr1a1o"|"Charmanderson_Cooper"|1|1650|0.96|81|"2019-08-16 04:24:53"|1565929493.0
"h7zg72"|"Domixcontra9342"|1|1652|0.99|55|"2020-06-13 03:14:15"|1592018055.0
"dv2uvy"|"leholyhookerr"|1|1655|0.98|33|"2019-11-12 01:44:14"|1573523054.0
"cma6vh"|"guybrushthreepwood93"|1|1649|0.99|41|"2019-08-05 12:11:31"|1565007091.0
"dukz1x"|"gman1998gman"|1|1644|0.99|34|"2019-11-11 01:30:54"|1573435854.0
"d58vc7"|"TexAgs18"|1|1641|0.97|85|"2019-09-16 23:53:02"|1568677982.0
"ckv645"|"Jaegryd"|1|1645|0.98|36|"2019-08-01 22:12:24"|1564697544.0
"hjj2wh"|"moosie_eisoom"|1|1652|0.98|47|"2020-07-01 21:05:41"|1593637541.0
"e3os7c"|"totallynotacer589"|1|1637|0.98|63|"2019-11-30 01:46:47"|1575078407.0
"fv7dx1"|"JNRmatt"|1|1640|0.99|63|"2020-04-05 03:50:52"|1586058652.0
"fqnvyb"|"petraCOR"|0|1639|0.99|43|"2020-03-28 16:58:35"|1585414715.0
"f8zj5c"|"mrmikemcd"|1|1640|0.98|46|"2020-02-24 22:31:39"|1582583499.0
"dr5z9f"|""|1|1637|0.99|63|"2019-11-03 20:12:55"|1572811975.0
"d626is"|"Norader"|1|1638|0.99|37|"2019-09-18 18:43:17"|1568832197.0
"gpthix"|"petraCOR"|1|1633|0.99|37|"2020-05-24 17:19:54"|1590340794.0
"g6pcbc"|"Austx10"|0|1627|0.98|34|"2020-04-23 16:04:18"|1587657858.0
"ghn5ad"|"Joconoco"|1|1629|0.97|93|"2020-05-11 13:03:44"|1589202224.0
"g9nm3k"|"Muggy_Duke"|1|1620|0.98|48|"2020-04-28 13:54:57"|1588082097.0
"d4lxub"|"Bleunagigaming97"|0|1616|0.97|26|"2019-09-15 15:29:58"|1568561398.0
"dyqjqw"|"double-leg-day"|1|1608|0.98|25|"2019-11-19 20:50:12"|1574196612.0
"comrtb"|"jcsports"|1|1606|0.98|29|"2019-08-10 19:54:49"|1565466889.0
"hcxzfq"|"boon4376"|1|1605|0.98|23|"2020-06-21 01:20:55"|1592702455.0
"h9gfsf"|"potatochippopotamus"|1|1607|0.96|29|"2020-06-15 13:33:32"|1592228012.0
"gjipc4"|"joshwa47"|0|1590|0.98|44|"2020-05-14 09:02:41"|1589446961.0
"d2sbpb"|"haydentq"|1|1592|0.95|94|"2019-09-11 15:55:40"|1568217340.0
"cfey62"|"yosemiteguy1991"|0|1589|0.98|38|"2019-07-19 23:35:04"|1563579304.0
"eyxaha"|"Passume"|1|1587|0.97|32|"2020-02-04 21:19:33"|1580851173.0
"fbc3gp"|""|1|1591|0.97|42|"2020-02-29 12:51:58"|1582980718.0
"dddtn7"|"TexanGaybro1930"|1|1583|0.98|31|"2019-10-04 21:27:22"|1570224442.0
"ddmo4p"|"___to___be___"|1|1581|0.94|45|"2019-10-05 12:33:06"|1570278786.0
"d9a2oo"|"Hugogodanseur"|1|1585|0.96|97|"2019-09-25 21:45:26"|1569447926.0
"fspd17"|"cnoobs"|1|1579|0.98|81|"2020-04-01 00:55:21"|1585702521.0
"d30nup"|"petraCOR"|1|1578|0.96|54|"2019-09-12 01:34:38"|1568252078.0
"d1bs2v"|"calcuslut"|1|1580|0.97|47|"2019-09-08 14:45:04"|1567953904.0
"fvbjjm"|"Davh92"|1|1571|0.97|77|"2020-04-05 10:08:35"|1586081315.0
"f5b94n"|"trizzzzzzle"|1|1571|0.98|35|"2020-02-17 16:30:27"|1581957027.0
"cogvq4"|"JustAnotherConMan"|0|1572|0.97|40|"2019-08-10 11:26:07"|1565436367.0
"dryjpd"|"BackScratchMeGuys"|1|1571|0.96|46|"2019-11-05 12:37:23"|1572957443.0
"cf6ta7"|"Im_an_oxford_man"|1|1577|0.98|34|"2019-07-19 12:15:37"|1563538537.0
"hc9y1u"|"JustAnotherRandom9"|0|1569|0.99|46|"2020-06-19 22:08:54"|1592604534.0
"e6r2qz"|"ImpressiveSecret"|1|1574|0.97|39|"2019-12-06 01:07:36"|1575594456.0
"ey6wb9"|"adrusson"|1|1567|0.98|38|"2020-02-03 13:07:08"|1580735228.0
"ct89wu"|"ND2CA"|1|1567|0.98|24|"2019-08-20 23:33:04"|1566343984.0
"d4cyp2"|"sherbodude"|0|1564|0.98|33|"2019-09-14 23:43:34"|1568504614.0
"e7t4ei"|"dirksme1"|1|1560|0.98|35|"2019-12-08 12:21:44"|1575807704.0
"d9yl5d"|"geg005"|1|1554|0.98|46|"2019-09-27 10:44:01"|1569581041.0
"hinp1n"|"potatochippopotamus"|1|1563|0.97|50|"2020-06-30 13:49:34"|1593524974.0
"fnimu7"|""|0|1557|0.97|73|"2020-03-23 11:47:44"|1584964064.0
"gopxet"|"asteps13"|1|1551|0.99|43|"2020-05-22 19:22:45"|1590175365.0
"g8omb4"|"pilotrubes"|1|1548|0.99|34|"2020-04-26 23:06:12"|1587942372.0
"eiym2z"|"Dukes_Dad"|1|1549|0.98|41|"2020-01-02 14:05:03"|1577973903.0
"d691sz"|"Cheenie86"|1|1554|0.98|57|"2019-09-19 04:36:59"|1568867819.0
"e2gueg"|"LAboi2000CQ"|1|1549|0.97|29|"2019-11-27 14:36:15"|1574865375.0
"em2weo"|"palydinosaurus"|1|1540|0.98|58|"2020-01-09 02:07:05"|1578535625.0
"gubrlm"|"DBH3CO"|0|1542|0.99|23|"2020-06-01 01:56:34"|1590976594.0
"hdq4l8"|"elozio"|1|1539|0.98|36|"2020-06-22 10:48:40"|1592822920.0
"eoo3mh"|"allthingsintimedear"|1|1543|0.98|47|"2020-01-14 17:09:32"|1579021772.0
"fv2wsc"|"Austx10"|0|1536|0.98|37|"2020-04-04 22:42:07"|1586040127.0
"e1hcu6"|"Mpreaves"|0|1540|0.98|33|"2019-11-25 15:14:00"|1574694840.0
"gnigzx"|"reddybye2"|0|1538|0.97|37|"2020-05-20 19:49:47"|1590004187.0
"fhxtou"|"Oddvark827"|1|1538|0.99|45|"2020-03-13 10:57:20"|1584097040.0
"fbtvgx"|"gayheux96"|0|1535|0.98|31|"2020-03-01 13:13:56"|1583068436.0
"erltde"|"Thesleepyfisherman4"|1|1538|0.98|42|"2020-01-20 23:33:09"|1579563189.0
"cfa8lh"|"slaw81"|1|1539|0.99|31|"2019-07-19 17:12:19"|1563556339.0
"hp0td8"|"petraCOR"|0|1561|0.98|48|"2020-07-11 00:45:52"|1594428352.0
"eza6h9"|"toomanyhumans99"|1|1529|0.98|32|"2020-02-05 14:16:47"|1580912207.0
"eh9fhf"|"charlitos666"|1|1525|0.97|54|"2019-12-29 18:30:05"|1577644205.0
"dymo9d"|"b-enchante"|1|1521|0.97|54|"2019-11-19 16:26:08"|1574180768.0
"efemhz"|"luckyL14L"|1|1516|0.98|32|"2019-12-25 09:35:27"|1577266527.0
"finok0"|"d-gay96"|0|1515|0.99|51|"2020-03-14 19:10:59"|1584213059.0
"ei4dpy"|"Dukes_Dad"|0|1517|0.99|49|"2019-12-31 15:39:27"|1577806767.0
"du26oh"|"themorgana"|1|1510|0.98|45|"2019-11-09 21:40:44"|1573335644.0
"ctuh8u"|""|0|1518|0.99|37|"2019-08-22 08:30:15"|1566462615.0
"cl9hn5"|"aramelijah"|1|1510|0.96|29|"2019-08-02 20:30:30"|1564777830.0
"eam5hv"|"swestytx"|1|1509|0.99|17|"2019-12-14 17:01:47"|1576342907.0
"du93zz"|"mattydaddydoak"|0|1515|0.98|44|"2019-11-10 08:50:46"|1573375846.0
"gfkdl5"|"gman1998gman"|0|1507|0.98|51|"2020-05-08 02:11:08"|1588903868.0
"dd7al7"|"jerremypeter"|0|1501|0.97|47|"2019-10-04 13:22:00"|1570195320.0
"djlivv"|"Sckoko"|0|1500|0.97|22|"2019-10-18 10:26:20"|1571394380.0
"fbkagk"|"Mentok27"|1|1499|0.97|49|"2020-02-29 22:30:19"|1583015419.0
"ev5dm7"|"redxrobin01"|1|1494|0.98|64|"2020-01-28 13:07:48"|1580216868.0
"dtvhzk"|"NJheadinNYC"|1|1495|0.98|29|"2019-11-09 12:47:30"|1573303650.0
"g38ap4"|"loganz93"|1|1500|0.98|43|"2020-04-17 19:05:30"|1587150330.0
"fqiwnm"|"musclebeta"|1|1491|0.97|29|"2020-03-28 12:01:59"|1585396919.0
"hj5jn7"|""|1|1499|0.99|38|"2020-07-01 07:17:49"|1593587869.0
"ectkf5"|"Impoose"|1|1492|0.97|94|"2019-12-19 14:01:12"|1576764072.0
"ewtmnr"|"hunglilsnapper"|1|1488|0.98|52|"2020-01-31 19:36:14"|1580499374.0
"cm24rn"|"DallasCampbell"|1|1483|0.95|27|"2019-08-04 21:50:08"|1564955408.0
"eutrof"|""|0|1489|0.97|72|"2020-01-27 20:23:22"|1580156602.0
"dkh1bp"|"priormix"|0|1488|0.98|55|"2019-10-20 08:39:56"|1571560796.0
"f411ho"|"Austx10"|1|1477|0.98|41|"2020-02-14 23:45:29"|1581723929.0
"euwj80"|"salem_iiii"|1|1473|0.98|64|"2020-01-27 23:26:02"|1580167562.0
"fzw9ui"|"George-Last"|1|1473|0.98|62|"2020-04-12 12:56:30"|1586696190.0
"goubqe"|"phoenix_inthefire"|0|1476|0.98|35|"2020-05-22 23:30:27"|1590190227.0
"cfyjq1"|"ImpressiveSecret"|1|1472|0.95|30|"2019-07-21 12:36:11"|1563712571.0
"hg0nu1"|"ThisAdultAccount"|1|1472|0.98|47|"2020-06-26 04:04:05"|1593144245.0
"e9fp55"|"tommysreddit1"|1|1464|0.99|37|"2019-12-12 00:10:16"|1576109416.0
"gh2nit"|"Doobers_McDooberson"|0|1469|0.96|57|"2020-05-10 14:40:16"|1589121616.0
"grjv48"|"dcsun"|1|1464|0.98|49|"2020-05-27 13:36:55"|1590586615.0
"dhoo8u"|"PFtag"|1|1467|0.97|43|"2019-10-14 10:27:23"|1571048843.0
"cncbuk"|""|1|1465|0.98|35|"2019-08-07 21:59:23"|1565215163.0
"dlka38"|"Tylerthewasian8"|1|1465|0.96|59|"2019-10-22 16:22:59"|1571761379.0
"dw0ek5"|"BlakeTheBagel"|1|1462|0.98|53|"2019-11-13 23:27:18"|1573687638.0
"gbdgxm"|"IndieFilmDude"|1|1460|0.98|84|"2020-05-01 07:06:28"|1588316788.0
"f3vaa0"|"MechEngNRK"|1|1459|0.99|45|"2020-02-14 17:14:44"|1581700484.0
"e2iaij"|"calcuslut"|1|1460|0.99|32|"2019-11-27 16:19:53"|1574871593.0
"dyt7yb"|"aaryneli"|1|1456|0.98|35|"2019-11-19 23:52:37"|1574207557.0
"d5k0ja"|"fhilton41"|1|1458|1.0|49|"2019-09-17 17:13:46"|1568740426.0
"fztjsq"|"matttmmc"|0|1459|0.97|29|"2020-04-12 09:11:13"|1586682673.0
"fnyem0"|"gman1998gman"|1|1458|0.98|28|"2020-03-24 03:53:40"|1585022020.0
"hpa5rj"|"athewmayy"|1|1497|0.98|32|"2020-07-11 13:41:18"|1594474878.0
"h09odi"|"NJheadinNYC"|1|1450|0.97|46|"2020-06-10 12:13:51"|1591791231.0
"dv9xh3"|"ThatAverageJo"|1|1460|0.98|22|"2019-11-12 13:24:34"|1573565074.0
"dzfy9l"|"iAmSuperRobert"|1|1456|0.98|36|"2019-11-21 07:48:03"|1574322483.0
"fk3aqj"|"getdescookies"|1|1451|0.95|72|"2020-03-17 10:57:21"|1584442641.0
"e33npy"|"callmeonmyzelphone"|1|1453|0.99|35|"2019-11-28 20:21:11"|1574972471.0
"dl9uju"|"luciferblu"|0|1455|0.99|31|"2019-10-22 00:37:40"|1571704660.0
"cx2vox"|"casualcoinshot"|1|1451|0.97|46|"2019-08-29 16:02:23"|1567094543.0
"cg4iy4"|"chrisinro"|1|1448|0.98|124|"2019-07-21 21:44:51"|1563745491.0
"euomf9"|"TinyBugs73"|1|1448|0.98|79|"2020-01-27 14:30:39"|1580135439.0
"e5nk5g"|"Commander-Cunt"|1|1444|0.97|42|"2019-12-03 21:00:34"|1575406834.0
"gdqq13"|"gman1998gman"|0|1442|0.98|21|"2020-05-05 03:58:58"|1588651138.0
"ef6335"|"RunicKnight94"|1|1440|0.99|63|"2019-12-24 19:44:16"|1577216656.0
"dgferw"|"ratedreid"|1|1441|0.94|45|"2019-10-11 13:46:32"|1570801592.0
"dcof64"|"Hatchetwood"|1|1439|0.98|35|"2019-10-03 09:21:19"|1570094479.0
"epyxng"|"EtherealGay"|1|1437|0.97|72|"2020-01-17 11:01:13"|1579258873.0
"dio8j1"|"Pyromaul"|1|1432|0.98|54|"2019-10-16 11:55:07"|1571226907.0
"da9i54"|"tommysreddit1"|1|1430|0.99|35|"2019-09-28 01:16:21"|1569633381.0
"d7ji2r"|"pedro_sebastiao"|0|1426|0.99|12|"2019-09-22 00:56:00"|1569113760.0
"ffuc11"|"Reckless00134"|1|1426|0.99|40|"2020-03-09 13:04:43"|1583759083.0
"cme1nf"|"Fonzevil"|0|1417|0.97|73|"2019-08-05 17:30:46"|1565026246.0
"hiukwl"|"coleitoo"|1|1423|0.99|34|"2020-06-30 19:40:53"|1593546053.0
"fqurc7"|"sxxx61"|0|1416|0.98|29|"2020-03-28 23:05:00"|1585436700.0
"hecpyg"|"Andrewryanhyde"|0|1419|0.97|86|"2020-06-23 11:13:39"|1592910819.0
"g8z0u9"|"Thee_Prince_Brian"|1|1412|0.98|39|"2020-04-27 11:31:15"|1587987075.0
"dej0y3"|"PatMoNaval"|1|1412|0.97|33|"2019-10-07 12:53:01"|1570452781.0
"cgnjrc"|"heysteven7"|0|1411|0.98|91|"2019-07-23 03:51:53"|1563853913.0
"hgcgdz"|"Fight-or-Flight-24"|1|1411|0.99|56|"2020-06-26 17:55:56"|1593194156.0
"f5wja5"|"kyloren711"|1|1407|0.99|34|"2020-02-18 18:45:43"|1582051543.0
"dab077"|"bammbamm95"|1|1411|0.98|16|"2019-09-28 03:41:51"|1569642111.0
"cerc67"|"guyberk"|1|1414|0.95|48|"2019-07-18 11:37:07"|1563449827.0
"gw77au"|"ShoddyAsparagus0"|1|1405|0.98|42|"2020-06-04 01:15:26"|1591233326.0
"f7qp1f"|"NzVeganBoy"|0|1403|0.97|23|"2020-02-22 10:04:01"|1582365841.0
"f68xu2"|"nefalas"|1|1405|0.98|41|"2020-02-19 10:20:18"|1582107618.0
"how3vk"|"bestbg"|1|1415|0.98|63|"2020-07-10 20:04:38"|1594411478.0
"f2jdp5"|"grass-is-gay"|0|1400|0.95|48|"2020-02-12 01:54:29"|1581472469.0
"gr1w4t"|"Obvious_Zucchini"|0|1399|0.98|43|"2020-05-26 17:51:55"|1590515515.0
"hlrz4d"|"filsecret"|1|1400|0.99|26|"2020-07-05 18:56:21"|1593975381.0
"ez3rx0"|"DaffodilDress"|1|1392|0.98|29|"2020-02-05 04:32:53"|1580877173.0
"co6mn0"|""|0|1393|0.99|31|"2019-08-09 18:43:55"|1565376235.0
"gq6p9d"|"moko842"|1|1376|0.99|37|"2020-05-25 07:37:59"|1590392279.0
"debo83"|"throwaway8991011"|1|1374|0.99|29|"2019-10-07 00:06:59"|1570406819.0
"e5c00w"|"builtrobtough"|1|1372|0.99|120|"2019-12-03 05:02:20"|1575349340.0
"dmv56y"|"Brokenworth"|0|1373|0.98|32|"2019-10-25 09:50:23"|1571997023.0
"en85ot"|"toheka1brian"|1|1373|0.96|39|"2020-01-11 14:40:12"|1578753612.0
"haszd0"|"b-enchante"|1|1370|0.98|48|"2020-06-17 15:09:03"|1592406543.0
"fn9uwa"|"petraCOR"|1|1372|0.99|36|"2020-03-22 23:45:21"|1584920721.0
"f9lq71"|"Jaeth125"|1|1365|0.98|31|"2020-02-26 02:07:41"|1582682861.0
"eigyc1"|"Leomisis"|1|1373|0.95|18|"2020-01-01 10:21:21"|1577874081.0
"f1s7iu"|""|0|1367|0.99|41|"2020-02-10 15:53:16"|1581349996.0
"dl8kg4"|"Player_Michaelous"|1|1366|0.98|37|"2019-10-21 23:02:40"|1571698960.0
"d7p3pu"|"potatochippopotamus"|1|1363|0.95|29|"2019-09-22 11:17:49"|1569151069.0
"dbx41z"|"sherbodude"|1|1361|0.98|15|"2019-10-01 18:01:50"|1569952910.0
"dshlmj"|"Muggy_Duke"|1|1366|0.99|41|"2019-11-06 15:10:40"|1573053040.0
"g1tj1q"|"Insightandinfluence"|0|1361|0.98|41|"2020-04-15 14:59:05"|1586962745.0
"cfywbj"|"shawnhollenbach"|1|1361|0.99|30|"2019-07-21 13:18:15"|1563715095.0
"et8z3j"|"NJheadinNYC"|1|1356|0.97|54|"2020-01-24 11:09:18"|1579864158.0
"ecgi4i"|"theworldtonight"|1|1357|0.99|35|"2019-12-18 18:31:38"|1576693898.0
"dqiprl"|"Wopthesilverdollars"|1|1351|0.98|42|"2019-11-02 11:07:21"|1572692841.0
"fpzzfm"|"felipelfj90"|0|1355|0.99|62|"2020-03-27 16:25:27"|1585326327.0
"fgr9vl"|"leo_aus"|1|1346|0.98|37|"2020-03-11 04:09:05"|1583899745.0
"d7zbsa"|"TrafalgarSquare"|1|1354|0.98|33|"2019-09-23 00:58:19"|1569200299.0
"fk9l1b"|"bigboylias"|1|1351|0.99|28|"2020-03-17 17:48:21"|1584467301.0
"f5h06f"|"Loppoll"|0|1347|0.98|40|"2020-02-17 22:29:51"|1581978591.0
"hlcace"|""|0|1345|0.99|51|"2020-07-04 22:47:30"|1593902850.0
"gfscos"|"Kiel297"|1|1338|0.93|84|"2020-05-08 12:32:21"|1588941141.0
"fv0np4"|"intraepid"|1|1340|0.97|42|"2020-04-04 20:25:03"|1586031903.0
"elh2tb"|"ema1989"|1|1339|0.99|22|"2020-01-07 20:20:36"|1578428436.0
"eaepxx"|"charlitos666"|0|1341|0.98|41|"2019-12-14 03:40:31"|1576294831.0
"ebv29a"|"connorooo"|1|1335|0.97|42|"2019-12-17 12:12:18"|1576584738.0
"e840qu"|"kevbotoconnell"|0|1338|0.95|63|"2019-12-09 03:07:15"|1575860835.0
"gh2s7k"|"MikeA95"|1|1334|0.99|36|"2020-05-10 14:48:06"|1589122086.0
"d3m931"|"Nivode"|1|1331|0.99|35|"2019-09-13 08:31:39"|1568363499.0
"cmrzbz"|"HalfPintOfInnes"|0|1330|0.97|39|"2019-08-06 15:25:09"|1565105109.0
"hg74l4"|"totriuga"|1|1334|0.96|43|"2020-06-26 13:00:15"|1593176415.0
"fprb9m"|"Williamb3"|1|1325|0.98|32|"2020-03-27 05:22:52"|1585286572.0
"hkxhki"|"Maxhrbeck"|1|1332|0.98|33|"2020-07-04 04:37:43"|1593837463.0
"dxhjyg"|"mrgayman_watch"|1|1334|0.99|24|"2019-11-17 03:39:11"|1573961951.0
"ekgn44"|"basbdk"|1|1326|0.98|44|"2020-01-05 18:13:20"|1578248000.0
"go0wmy"|"ezpinal"|0|1321|0.97|37|"2020-05-21 17:14:55"|1590081295.0
"da6saw"|"Shortybuthearty"|1|1325|0.98|42|"2019-09-27 21:23:40"|1569619420.0
"fk95sj"|"updoginhereq"|1|1322|0.97|29|"2020-03-17 17:24:52"|1584465892.0
"dt1e5r"|"ThatAverageJo"|1|1321|0.96|52|"2019-11-07 17:56:31"|1573149391.0
"cf1v8z"|"Norader"|1|1320|0.99|41|"2019-07-19 02:30:13"|1563503413.0
"f352sk"|"liam_eras"|0|1319|0.98|56|"2020-02-13 05:28:23"|1581571703.0
"homtmf"|"ck1971ck"|0|1317|0.98|41|"2020-07-10 10:50:48"|1594378248.0
"ggezpx"|"pandasinmoscow"|1|1318|0.98|50|"2020-05-09 12:57:25"|1589029045.0
"f4fh8z"|"Tom_Haverford_KCMO"|0|1306|0.99|25|"2020-02-15 20:49:20"|1581799760.0
"fosezb"|"Muggy_Duke"|0|1304|0.99|32|"2020-03-25 15:41:26"|1585150886.0
"hdv4v5"|""|1|1312|0.99|52|"2020-06-22 16:07:12"|1592842032.0
"el9iel"|"Farfless"|1|1309|0.99|58|"2020-01-07 09:49:39"|1578390579.0
"ee6djr"|"potatochippopotamus"|1|1304|0.97|48|"2019-12-22 15:55:31"|1577030131.0
"hap7a4"|"DennisDonncha"|0|1306|0.99|34|"2020-06-17 11:16:41"|1592392601.0
"hopixl"|"Tadezeus"|1|1316|0.98|51|"2020-07-10 14:06:19"|1594389979.0
"dlpvdm"|"adrusson"|0|1302|0.98|11|"2019-10-22 22:42:04"|1571784124.0
"er6vgc"|"dirtymonkey52"|1|1291|0.94|48|"2020-01-20 02:54:13"|1579488853.0
"enw850"|"inmyslumber"|1|1286|0.97|58|"2020-01-13 00:26:21"|1578875181.0
"gah6ea"|"BrisTribe"|1|1287|0.97|50|"2020-04-29 20:37:41"|1588192661.0
"gtnupi"|"koahro945"|1|1285|0.99|63|"2020-05-30 23:02:13"|1590879733.0
"d1b65o"|"Madzoid36"|1|1285|0.98|35|"2019-09-08 13:54:09"|1567950849.0
"dwk6y5"|"luckyL14L"|1|1279|0.97|34|"2019-11-15 02:33:29"|1573785209.0
"e4suy4"|"trizzzzzzle"|1|1276|0.98|26|"2019-12-02 03:23:18"|1575256998.0
"f5ylvk"|"theworldtonight"|1|1278|0.99|39|"2020-02-18 20:55:57"|1582059357.0
"e24v4l"|"b-enchante"|0|1276|0.98|32|"2019-11-26 21:27:51"|1574803671.0
"do69ls"|"emjaydavies"|1|1276|0.98|16|"2019-10-28 09:02:54"|1572253374.0
"g5y6im"|"Merc007"|1|1275|0.98|43|"2020-04-22 09:40:04"|1587548404.0
"e39wbs"|"tnrussell2"|0|1274|0.97|23|"2019-11-29 04:50:15"|1575003015.0
"elk5c7"|"Kikelt"|0|1271|0.98|20|"2020-01-07 23:54:59"|1578441299.0
"hbdtaa"|"wonderif234"|1|1268|0.98|36|"2020-06-18 12:38:19"|1592483899.0
"cww8dt"|"gman1998gman"|1|1270|0.98|19|"2019-08-29 04:54:19"|1567054459.0
"d92yx4"|"elozio"|1|1268|0.97|34|"2019-09-25 13:02:41"|1569416561.0
"cf77zf"|""|1|1266|0.98|29|"2019-07-19 12:56:08"|1563540968.0
"fcb35g"|"thefoxthatbarks"|1|1258|0.97|49|"2020-03-02 12:05:39"|1583150739.0
"hnhst6"|"nangel69"|0|1263|0.99|38|"2020-07-08 14:15:19"|1594217719.0
"h8u3nx"|"_the_CacKaLacKy_Kid_"|1|1267|0.96|69|"2020-06-14 13:44:55"|1592142295.0
"cqti50"|"lasermuffin"|1|1265|0.98|26|"2019-08-15 18:05:13"|1565892313.0
"cee4ri"|"davidplaysthings"|1|1267|0.99|30|"2019-07-17 15:11:39"|1563376299.0
"gw5coh"|"RandomlyJoJo1986"|1|1261|0.98|18|"2020-06-03 23:25:37"|1591226737.0
"fknnrr"|"Oddvark827"|1|1261|0.98|30|"2020-03-18 10:52:46"|1584528766.0
"d1j4jq"|"ImpressiveSecret"|1|1254|0.98|60|"2019-09-09 00:05:44"|1567987544.0
"cfx6wf"|"Leomisis"|1|1262|0.96|27|"2019-07-21 09:17:01"|1563700621.0
"hfg10w"|"coffeelovingfox"|1|1266|0.97|37|"2020-06-25 04:30:46"|1593059446.0
"hf3o6p"|"origamiislands"|0|1253|0.99|48|"2020-06-24 16:04:42"|1593014682.0
"d94k3p"|"Muggy_Duke"|0|1253|0.99|22|"2019-09-25 15:06:07"|1569423967.0
"fbln2s"|"theworldtonight"|1|1246|0.98|36|"2020-03-01 00:09:49"|1583021389.0
"hm746d"|"Oddvark827"|1|1253|0.98|27|"2020-07-06 12:54:37"|1594040077.0
"cmxf77"|"Commander-Cunt"|1|1245|0.97|5|"2019-08-06 22:47:45"|1565131665.0
"chhygg"|"spilltheteahun"|1|1249|0.97|32|"2019-07-25 02:48:59"|1564022939.0
"dzvjrf"|"Mr_Humble018"|1|1250|0.96|36|"2019-11-22 04:01:02"|1574395262.0
"cdpx0m"|"gman1998gman"|1|1247|0.97|45|"2019-07-16 00:36:59"|1563237419.0
"glezh0"|"BrisTribe"|1|1242|0.97|32|"2020-05-17 12:58:18"|1589720298.0
"enn3in"|"PasAmoureux"|1|1249|0.97|60|"2020-01-12 12:51:45"|1578833505.0
"d7vhgp"|""|1|1245|0.97|30|"2019-09-22 19:47:29"|1569181649.0
"dtee3y"|"jerremypeter"|0|1246|0.97|51|"2019-11-08 11:54:27"|1573214067.0
"ga7fqv"|"benbo82"|1|1238|0.97|46|"2020-04-29 11:05:12"|1588158312.0
"g14cbg"|"IndependentFlash"|0|1237|0.99|59|"2020-04-14 12:07:33"|1586866053.0
"eulf62"|"Mr_Humble018"|0|1245|0.98|42|"2020-01-27 08:57:51"|1580115471.0
"d8nzyp"|"Madzoid36"|0|1239|0.99|100|"2019-09-24 14:30:57"|1569335457.0
"cdn7s9"|"Norader"|1|1240|0.99|29|"2019-07-15 20:46:28"|1563223588.0
"edq0g6"|"tommysreddit1"|1|1237|0.97|36|"2019-12-21 13:38:36"|1576935516.0
"hf96ww"|"DismissedArtist"|0|1242|0.95|30|"2020-06-24 20:49:47"|1593031787.0
"egh3sg"|"Kyuuba1"|1|1240|0.99|81|"2019-12-27 21:21:14"|1577481674.0
"cklrkd"|"Bezzza23"|0|1237|0.96|43|"2019-08-01 08:52:01"|1564649521.0
"d06zzd"|"spongefireIB"|0|1241|0.97|41|"2019-09-05 21:17:51"|1567718271.0
"gsq68s"|"JakeFoxee"|0|1238|0.97|28|"2020-05-29 10:07:14"|1590746834.0
"gq4cwt"|"arandomnerdboy"|0|1238|0.97|61|"2020-05-25 04:26:42"|1590380802.0
"dkt8f9"|"TheTiller-"|1|1236|0.99|53|"2019-10-21 01:33:30"|1571621610.0
"dj7jxo"|"Muggy_Duke"|1|1238|0.99|25|"2019-10-17 14:57:47"|1571324267.0
"g7bwwy"|"farmgay92"|1|1229|0.99|36|"2020-04-24 16:53:21"|1587747201.0
"ezxhws"|"tjs460"|1|1230|0.99|44|"2020-02-06 19:28:35"|1581017315.0
"emljdu"|"cactuspie1972"|1|1229|0.98|32|"2020-01-10 04:02:42"|1578628962.0
"hbzstr"|"BackScratchMeGuys"|1|1235|0.98|33|"2020-06-19 12:27:35"|1592569655.0
"do8hhc"|"CaptTenacity"|0|1223|0.98|41|"2019-10-28 12:58:32"|1572267512.0
"drsmuu"|"bammbamm95"|1|1231|0.98|36|"2019-11-05 02:23:36"|1572920616.0
"dkaiji"|"Norader"|0|1226|0.99|35|"2019-10-19 22:09:31"|1571522971.0
"extp04"|"1nsecur33"|1|1222|0.99|28|"2020-02-02 19:32:07"|1580671927.0
"ep18ay"|"jobwelddone"|1|1227|0.99|77|"2020-01-15 11:39:11"|1579088351.0
"cx9t65"|"Player_Michaelous"|1|1218|0.97|38|"2019-08-30 00:59:13"|1567126753.0
"hnvygs"|"Maxhrbeck"|1|1227|0.98|29|"2020-07-09 03:38:06"|1594265886.0
"ddfvfv"|"Pink_Hero"|1|1214|0.97|42|"2019-10-05 00:08:18"|1570234098.0
"epcplg"|"speems"|1|1218|0.98|51|"2020-01-16 02:23:24"|1579141404.0
"d0pstk"|"Jdr522"|1|1220|0.98|44|"2019-09-07 01:30:58"|1567819858.0
"cthg1b"|"theonlyshows"|1|1213|0.98|26|"2019-08-21 14:13:50"|1566396830.0
"e80g4f"|"idonothaveanxiety"|0|1214|0.99|19|"2019-12-08 22:17:19"|1575843439.0
"e7f025"|"POpopo87"|0|1213|0.97|68|"2019-12-07 14:37:20"|1575729440.0
"eb79gm"|"ImpressiveSecret"|1|1206|0.99|48|"2019-12-16 00:24:09"|1576455849.0
"d449nf"|"CCPots"|1|1206|0.99|38|"2019-09-14 11:59:48"|1568462388.0
"e379ou"|"italianjesuspete"|1|1212|0.98|11|"2019-11-29 01:03:19"|1574989399.0
"f3ari1"|"Yggdrasial92"|1|1207|0.97|42|"2020-02-13 14:29:39"|1581604179.0
"e5juh3"|"blue_cetacean"|1|1208|0.99|17|"2019-12-03 16:50:01"|1575391801.0
"fft4yg"|"HeyitsNicho"|0|1204|0.98|32|"2020-03-09 11:18:17"|1583752697.0
"e5j2no"|"erichinnw"|1|1202|0.99|56|"2019-12-03 15:55:51"|1575388551.0
"ds27qd"|"bakedjack"|0|1204|0.99|65|"2019-11-05 17:13:03"|1572973983.0
"ch166i"|""|1|1201|0.99|30|"2019-07-24 00:53:40"|1563929620.0
"eirmbg"|"petraCOR"|1|1207|0.99|40|"2020-01-02 02:08:56"|1577930936.0
"cxyzpj"|"MattsCarls"|0|1200|0.97|39|"2019-08-31 18:37:06"|1567276626.0
"cmeedv"|"Commander-Cunt"|1|1200|0.97|29|"2019-08-05 17:57:06"|1565027826.0
"cho9tu"|"GetMooreSchizo"|1|1197|0.97|32|"2019-07-25 14:19:25"|1564064365.0
"g6b4df"|"elozio"|1|1196|0.98|31|"2020-04-22 22:41:16"|1587595276.0
"ddn8pg"|"adrusson"|1|1190|0.99|41|"2019-10-05 13:27:09"|1570282029.0
"hpidpw"|"coffeelovingfox"|1|1423|0.98|27|"2020-07-11 21:42:59"|1594503779.0
"gj32hf"|"shogun1995"|1|1196|0.98|26|"2020-05-13 17:06:29"|1589389589.0
"eds3ph"|"TopoNewt"|1|1190|0.96|91|"2019-12-21 16:47:16"|1576946836.0
"edfxmw"|"demiel16"|1|1191|0.99|56|"2019-12-20 20:56:41"|1576875401.0
"civbca"|"JonoCurious"|1|1189|0.97|39|"2019-07-28 12:34:55"|1564317295.0
"gscp6g"|"Commander-Cunt"|1|1190|0.98|34|"2020-05-28 19:17:05"|1590693425.0
"dbsgt6"|"mattydaddydoak"|1|1193|0.97|35|"2019-10-01 12:12:15"|1569931935.0
"dil4l3"|"jeremy1051"|0|1188|0.98|124|"2019-10-16 06:11:35"|1571206295.0
"circrx"|"Fabulozeseses"|1|1185|0.97|30|"2019-07-28 04:03:09"|1564286589.0
"ebor1v"|"losangelscv"|0|1189|0.96|30|"2019-12-17 01:35:09"|1576546509.0
"ft7wo0"|"khett87"|1|1185|0.97|47|"2020-04-01 20:27:03"|1585772823.0
"gbhy6b"|"unpopec"|1|1185|0.99|38|"2020-05-01 13:18:56"|1588339136.0
"dh5mlr"|"ImpressiveSecret"|1|1179|0.98|27|"2019-10-13 03:56:46"|1570939006.0
"cqp0p2"|"pinkfx"|0|1181|0.97|11|"2019-08-15 12:16:11"|1565871371.0
"d0vb6v"|"sklave_"|1|1178|0.99|17|"2019-09-07 12:20:42"|1567858842.0
"hk8csg"|"Brandaconda"|1|1191|0.99|25|"2020-07-02 23:47:06"|1593733626.0
"hch392"|"filsecret"|1|1178|0.98|35|"2020-06-20 06:22:13"|1592634133.0
"hjvtsk"|"Sentinel013"|1|1180|0.94|32|"2020-07-02 12:08:40"|1593691720.0
"f0x6zk"|"petraCOR"|0|1175|0.99|34|"2020-02-08 20:27:52"|1581193672.0
"doqudu"|"zhelmick"|1|1179|0.96|42|"2019-10-29 14:47:15"|1572360435.0
"f4rce4"|"guybrushthreepwood93"|1|1175|0.99|23|"2020-02-16 14:29:37"|1581863377.0
"hpkppu"|"mrgadzuki"|1|1903|0.98|66|"2020-07-12 00:04:57"|1594512297.0
"fyl0g7"|"leandavexx"|1|1173|0.98|31|"2020-04-10 18:03:53"|1586541833.0
"g8egf6"|"ND2CA"|1|1168|0.98|21|"2020-04-26 13:35:47"|1587908147.0
"fjk6y9"|"Aerysion"|1|1173|0.98|30|"2020-03-16 12:30:38"|1584361838.0
"cpkuh4"|"jmkirsch"|1|1165|0.98|42|"2019-08-12 23:56:41"|1565654201.0
"g3phy2"|"totriuga"|1|1174|0.99|63|"2020-04-18 15:40:16"|1587224416.0
"fgp4v7"|"beauhemoth"|0|1163|0.98|36|"2020-03-11 01:31:15"|1583890275.0
"fedq6o"|"malibusmostwanted86"|1|1165|0.98|31|"2020-03-06 13:50:23"|1583502623.0
"ey19ao"|"asiminina"|1|1166|0.99|50|"2020-02-03 04:17:45"|1580703465.0
"d9sm8l"|"born2ghOstx"|1|1167|0.97|31|"2019-09-27 00:24:57"|1569543897.0
"d4zvr1"|"sbonnot1"|1|1162|0.98|18|"2019-09-16 12:20:37"|1568636437.0
"dah2te"|"Clemintime92"|0|1169|0.98|43|"2019-09-28 15:00:33"|1569682833.0
"ewn17d"|"DennisDonncha"|0|1157|0.98|35|"2020-01-31 11:20:03"|1580469603.0
"er2qtr"|"elozio"|1|1160|0.98|35|"2020-01-19 21:36:55"|1579469815.0
"gjk2j0"|"matttmmc"|1|1163|0.98|26|"2020-05-14 10:52:04"|1589453524.0
"ghj7vk"|"a_powell"|1|1149|0.97|29|"2020-05-11 07:46:34"|1589183194.0
"ccxvk5"|"JNRmatt"|0|1149|0.98|26|"2019-07-14 02:35:08"|1563071708.0
"e0psjq"|"pilotrubes"|1|1154|0.99|34|"2019-11-23 23:07:03"|1574550423.0
"doedri"|"b-enchante"|1|1150|0.98|41|"2019-10-28 20:02:41"|1572292961.0
"cm4ecd"|"csg1123"|0|1150|0.96|19|"2019-08-05 01:19:32"|1564967972.0
"cn2d6t"|"Amu_sem_ent"|1|1150|0.98|23|"2019-08-07 06:49:45"|1565160585.0
"eeaxl2"|"FutureRocker"|1|1148|0.98|69|"2019-12-22 21:54:50"|1577051690.0
"dq2u7s"|"mcivey"|1|1146|0.99|33|"2019-11-01 11:18:36"|1572607116.0
"czirdj"|""|1|1148|0.96|21|"2019-09-04 09:59:13"|1567591153.0
"hh9sr5"|"PoseidonNow"|1|1148|0.99|39|"2020-06-28 06:35:46"|1593326146.0
"d5x0t9"|"nutty__nutts"|0|1144|0.97|35|"2019-09-18 12:26:21"|1568809581.0
"culjr8"|"b-enchante"|1|1142|1.0|33|"2019-08-23 23:12:51"|1566601971.0
"eknqw9"|"CharlieFryer"|1|1132|0.97|28|"2020-01-06 03:01:06"|1578279666.0
"cuca88"|"tatertowninhabitant"|0|1141|0.99|18|"2019-08-23 10:58:58"|1566557938.0
"e5js40"|"kyloren711"|1|1133|0.99|34|"2019-12-03 16:45:38"|1575391538.0
"fmo1s9"|"d139nn"|1|1148|0.99|53|"2020-03-21 22:11:43"|1584828703.0
"efbrii"|""|1|1132|0.99|24|"2019-12-25 04:08:29"|1577246909.0
"cv37m6"|"primerman"|1|1128|0.99|28|"2019-08-25 02:59:02"|1566701942.0
"dcl56k"|"Mikey9440"|0|1129|0.97|47|"2019-10-03 03:07:52"|1570072072.0
"fblzch"|"dsereday"|1|1128|0.99|30|"2020-03-01 00:35:08"|1583022908.0
"e11s0s"|"mauricestyle"|1|1126|0.98|27|"2019-11-24 17:49:52"|1574617792.0
"gujzb6"|"joff101"|1|1123|0.98|43|"2020-06-01 12:43:44"|1591015424.0
"fvyu37"|""|1|1126|0.96|33|"2020-04-06 13:34:26"|1586180066.0
"do90yk"|"pizzalorde"|0|1114|0.98|23|"2019-10-28 13:44:18"|1572270258.0
"g0iosy"|"Trickituk"|1|1116|0.98|30|"2020-04-13 13:13:12"|1586783592.0
"e7k74m"|"audiR8_"|1|1110|0.99|33|"2019-12-07 21:25:40"|1575753940.0
"cm2l9t"|""|1|1113|0.99|15|"2019-08-04 22:30:08"|1564957808.0
"ex56k4"|"Kyuuba1"|1|1107|0.97|22|"2020-02-01 12:01:56"|1580558516.0
"hbkhm3"|"Pherreyra"|1|1116|0.96|30|"2020-06-18 18:52:13"|1592506333.0
"gfwuov"|"MisterQuiver"|1|1110|1.0|34|"2020-05-08 16:57:07"|1588957027.0
"cm8qa6"|""|1|1107|0.94|29|"2019-08-05 09:19:58"|1564996798.0
"hjkhxz"|"MisterOjos2020"|0|1111|0.99|25|"2020-07-01 22:19:59"|1593641999.0
"cnuao1"|"kevbotoconnell"|0|1105|0.97|46|"2019-08-09 00:01:58"|1565308918.0
"fjx4un"|"elad-90"|1|1101|0.97|29|"2020-03-17 02:06:34"|1584410794.0
"ekl09d"|"MitchOfGilead"|1|1106|0.99|33|"2020-01-05 23:32:16"|1578267136.0
"deedu6"|"jrthor"|0|1102|0.98|26|"2019-10-07 04:08:18"|1570421298.0
"ggsllu"|"Thee_Prince_Brian"|1|1106|0.98|97|"2020-05-10 01:55:14"|1589075714.0
"fekkpa"|"hcwh79"|1|1103|0.98|31|"2020-03-06 21:29:32"|1583530172.0
"e2lzu4"|"Commander-Cunt"|1|1096|0.96|20|"2019-11-27 20:13:23"|1574885603.0
"dqdsi3"|"JNRmatt"|1|1102|0.98|31|"2019-11-02 01:36:31"|1572658591.0
"g9rlek"|"Thee_Prince_Brian"|0|1102|0.99|36|"2020-04-28 17:33:04"|1588095184.0
"eu22qp"|"hunglilsnapper"|1|1102|0.98|28|"2020-01-26 04:25:30"|1580012730.0
"gr7lrp"|"MisterOjos2020"|1|1100|0.99|22|"2020-05-26 22:53:59"|1590533639.0
"esd54s"|"gmanz33"|1|1103|0.98|39|"2020-01-22 14:59:53"|1579705193.0
"f60779"|"ThisIsMeKB"|1|1097|0.99|28|"2020-02-18 22:35:00"|1582065300.0
"gion04"|"_cuntessa"|1|1098|0.98|31|"2020-05-13 01:00:48"|1589331648.0
"e8042r"|"trizzzzzzle"|1|1098|0.98|29|"2019-12-08 21:52:13"|1575841933.0
"cja53l"|""|1|1094|0.95|34|"2019-07-29 11:44:41"|1564400681.0
"gm9usy"|"FLpanhandlecracker"|1|1097|0.98|48|"2020-05-18 20:47:21"|1589834841.0
"hmz4x4"|"So-porkbelly"|0|1095|0.99|29|"2020-07-07 17:37:42"|1594143462.0
"ek9kcu"|"chewednipples"|1|1087|0.98|36|"2020-01-05 06:56:01"|1578207361.0
"ft5o50"|"leandavexx"|1|1083|0.98|47|"2020-04-01 18:28:29"|1585765709.0
"g5ajd1"|"AlexWilden"|1|1083|0.99|41|"2020-04-21 07:07:36"|1587452856.0
"eatouj"|"Impoose"|1|1078|0.97|43|"2019-12-15 03:16:45"|1576379805.0
"e2oowj"|"mynameaintNikch"|1|1084|0.99|30|"2019-11-27 23:15:32"|1574896532.0
"fq127v"|"Muggy_Duke"|1|1085|0.99|19|"2020-03-27 17:17:41"|1585329461.0
"efmu28"|"lowfatbureaucrat"|1|1080|0.98|13|"2019-12-25 22:32:04"|1577313124.0
"d3sozn"|"Tutyfruti"|0|1077|0.99|48|"2019-09-13 17:34:34"|1568396074.0
"cvjtfd"|"Sufjanus"|1|1078|0.97|18|"2019-08-26 05:32:29"|1566797549.0
"fi5jai"|"Norader"|1|1074|0.98|34|"2020-03-13 19:45:05"|1584128705.0
"eehb90"|"snsdreceipts"|1|1071|0.97|51|"2019-12-23 07:24:06"|1577085846.0
"cdt5ay"|"jarrodwalker"|1|1071|0.97|32|"2019-07-16 06:04:49"|1563257089.0
"fa0118"|"kurrekurredutt"|1|1069|0.98|54|"2020-02-26 20:52:00"|1582750320.0
"e9wgwz"|"FuzzMcGee"|1|1064|0.99|61|"2019-12-13 00:45:23"|1576197923.0
"g324xx"|"Valhalls"|1|1073|0.98|18|"2020-04-17 13:36:48"|1587130608.0
"fwxyqh"|"MikeCam"|1|1068|0.98|61|"2020-04-08 02:23:52"|1586312632.0
"et0au9"|"Chokolla"|1|1061|0.99|36|"2020-01-23 22:05:17"|1579817117.0
"dd2k45"|"guyberk"|1|1065|0.99|10|"2019-10-04 04:38:46"|1570163926.0
"dkayu1"|"bammbamm95"|1|1059|0.99|39|"2019-10-19 22:44:49"|1571525089.0
"cxmsbh"|"BenItalianLI"|1|1062|0.99|30|"2019-08-30 20:55:32"|1567198532.0
"edaozu"|"MIsoLame"|1|1053|0.97|47|"2019-12-20 14:11:48"|1576851108.0
"hm54yj"|"ThatOneTallDude707"|1|1051|0.98|27|"2020-07-06 10:24:16"|1594031056.0
"chvvi3"|"Austx10"|1|1045|0.99|25|"2019-07-26 00:31:12"|1564101072.0
"gs4m1x"|"snakehandler-"|0|1048|0.98|15|"2020-05-28 11:33:47"|1590665627.0
"dfreso"|"LyncolnMD"|1|1047|0.98|30|"2019-10-10 02:17:26"|1570673846.0
"gmhsj7"|"stealth2021"|1|1046|0.97|33|"2020-05-19 04:37:42"|1589863062.0
"edvqex"|"double-leg-day"|0|1040|0.96|27|"2019-12-21 21:36:55"|1576964215.0
"gp7u31"|"mattewolfe"|0|1039|0.98|47|"2020-05-23 16:29:18"|1590251358.0
"hjzkna"|"GoState19"|1|1047|0.93|28|"2020-07-02 15:55:29"|1593705329.0
"dvk7p3"|"losangelscv"|1|1046|0.99|31|"2019-11-13 01:29:10"|1573608550.0
"f27l6s"|""|1|1041|0.97|24|"2020-02-11 12:22:54"|1581423774.0
"dyukjl"|"NoiseBarn"|1|1043|0.99|40|"2019-11-20 01:35:05"|1574213705.0
"ezw2hi"|"queenpicco"|1|1037|0.99|32|"2020-02-06 17:56:50"|1581011810.0
"de8bz2"|"Commander-Cunt"|1|1039|0.97|24|"2019-10-06 19:50:04"|1570391404.0
"d7rmi9"|""|0|1037|0.98|15|"2019-09-22 15:06:22"|1569164782.0
"dqszme"|"OneStepFor_"|1|1040|0.99|22|"2019-11-03 00:19:54"|1572740394.0
"ffxcoi"|"Dukes_Dad"|1|1031|0.99|33|"2020-03-09 16:31:45"|1583771505.0
"dsw9nl"|"polychrom"|1|1035|0.99|20|"2019-11-07 11:10:52"|1573125052.0
"hds3d6"|"ND2CA"|1|1039|0.99|25|"2020-06-22 13:12:25"|1592831545.0
"gz9n11"|"dvaid0912"|1|1031|0.98|49|"2020-06-08 22:17:30"|1591654650.0
"hf9cfp"|"unpopec"|1|1030|0.99|23|"2020-06-24 20:58:19"|1593032299.0
"dmqv2x"|"xXAsShoGunXx"|1|1030|0.98|32|"2019-10-25 02:20:49"|1571970049.0
"gxjwve"|"JackingYouAgain"|1|1030|0.97|32|"2020-06-06 03:58:15"|1591415895.0
"fbdhy1"|"jupytr76"|0|1027|0.98|18|"2020-02-29 14:47:54"|1582987674.0
"gpyeu7"|"issacharizard"|1|1027|0.98|27|"2020-05-24 22:04:00"|1590357840.0
"f4690w"|"psychicleo"|1|1023|0.99|20|"2020-02-15 07:32:00"|1581751920.0
"e4qd4a"|"Austx10"|1|1025|0.99|16|"2019-12-02 00:07:56"|1575245276.0
"d5jbs2"|"casualcoinshot"|1|1021|0.99|38|"2019-09-17 16:22:47"|1568737367.0
"cv97kn"|"BenItalianLI"|0|1016|0.97|28|"2019-08-25 14:33:16"|1566743596.0
"d1ft28"|"Poliogirl"|1|1018|0.96|44|"2019-09-08 19:42:44"|1567971764.0
"d25ci2"|"Vumperthumper"|0|1022|0.97|12|"2019-09-10 09:52:22"|1568109142.0
"g830i7"|"connor-unconvered"|1|1009|1.0|30|"2020-04-25 22:45:54"|1587854754.0
"cy2ty0"|""|1|1009|0.98|35|"2019-08-31 23:45:29"|1567295129.0
"e91gh5"|"eihe00"|1|1010|0.99|28|"2019-12-11 03:20:37"|1576034437.0
"cugtzf"|""|1|1006|0.98|29|"2019-08-23 17:13:42"|1566580422.0
"ci3672"|"Phoenix-Ohh"|1|1006|0.98|12|"2019-07-26 13:56:07"|1564149367.0
"g7rgfp"|"sorryidontknowher"|1|1009|0.98|45|"2020-04-25 10:35:04"|1587810904.0
"f7bq9g"|"callmeonmyzelphone"|1|1005|0.99|36|"2020-02-21 14:20:30"|1582294830.0
"gfic0p"|"Eaglehill"|1|1004|0.98|25|"2020-05-08 00:02:02"|1588896122.0
"f0oyvp"|"IIFYMcake"|1|999|0.99|30|"2020-02-08 08:36:02"|1581150962.0
"cz91xf"|"markwilleyjr"|0|1006|0.99|26|"2019-09-03 18:50:30"|1567536630.0
"enww5g"|"aDashOfMex"|1|1001|1.0|50|"2020-01-13 01:19:53"|1578878393.0
"ea4t89"|"KebraOlek"|1|1002|0.99|24|"2019-12-13 14:42:02"|1576248122.0
"eyr118"|"George-Last"|1|990|0.99|38|"2020-02-04 14:44:24"|1580827464.0
"cej1c2"|"Royal_con"|1|990|0.99|36|"2019-07-17 21:20:05"|1563398405.0
"fgvluz"|"luckyL14L"|1|991|0.98|28|"2020-03-11 11:26:06"|1583925966.0
"ejtkei"|"BrightReindeer"|1|994|1.0|21|"2020-01-04 07:28:06"|1578122886.0
"dcmqwh"|"ImpressiveSecret"|1|996|0.98|5|"2019-10-03 05:54:50"|1570082090.0
"gp960s"|"caddrt"|1|992|0.99|30|"2020-05-23 17:45:58"|1590255958.0
"e6yzcs"|"IIFYMcake"|1|989|0.99|36|"2019-12-06 13:48:53"|1575640133.0
"f9jfp4"|"hrs9876"|1|986|0.99|34|"2020-02-25 23:25:55"|1582673155.0
"dom3jl"|"mr_vulpes"|0|987|0.99|31|"2019-10-29 06:43:52"|1572331432.0
"hmnom1"|"zephyriii"|1|993|0.99|29|"2020-07-07 04:26:41"|1594096001.0
"f3ct08"|"Otashi4Nii"|1|986|0.98|38|"2020-02-13 16:49:57"|1581612597.0
"dt1vmr"|"Chokolla"|1|990|0.98|28|"2019-11-07 18:28:45"|1573151325.0
"gpt63t"|"waketho"|1|988|0.99|42|"2020-05-24 17:01:49"|1590339709.0
"fj7wmb"|"supvicko"|0|985|0.99|28|"2020-03-15 20:26:30"|1584303990.0
"exwotd"|"MarqFierce"|1|979|0.97|40|"2020-02-02 22:38:42"|1580683122.0
"f06hix"|"Molboro87"|1|984|0.99|37|"2020-02-07 06:18:58"|1581056338.0
"cidnv5"|"drattty1"|1|977|0.99|39|"2019-07-27 05:29:26"|1564205366.0
"deiqy2"|"b-enchante"|0|986|0.99|26|"2019-10-07 12:28:20"|1570451300.0
"gz0v0q"|"kyloren711"|1|989|0.99|27|"2020-06-08 14:57:56"|1591628276.0
"cnfg4n"|"TexanGaybro1930"|0|977|0.99|27|"2019-08-08 02:34:36"|1565231676.0
"f7e59p"|"casualcoinshot"|1|974|0.99|19|"2020-02-21 17:08:50"|1582304930.0
"dizjz4"|"prasannaxo"|1|977|1.0|26|"2019-10-17 01:56:54"|1571277414.0
"e5wd3z"|"frotteewurst"|1|978|0.99|49|"2019-12-04 08:41:51"|1575448911.0
"hpipjp"|"kwiskwilja"|1|1240|0.99|38|"2020-07-11 22:02:36"|1594504956.0
"g5pvr0"|"b_lame"|1|975|0.99|19|"2020-04-21 23:08:01"|1587510481.0
"ek16nw"|"gman1998gman"|0|973|0.99|23|"2020-01-04 19:31:38"|1578166298.0
"ghnvh4"|"callmeonmyzelphone"|1|972|0.99|31|"2020-05-11 13:49:56"|1589204996.0
"ewp5dr"|""|1|970|0.98|15|"2020-01-31 14:23:20"|1580480600.0
"d4bcbq"|"sorryidontknowher"|1|970|0.99|33|"2019-09-14 21:30:49"|1568496649.0
"g1q3wh"|"CharlestheII"|1|964|0.98|23|"2020-04-15 11:24:25"|1586949865.0
"cl54gl"|"BlakeTheBagel"|1|972|0.98|32|"2019-08-02 14:51:38"|1564757498.0
"cqiefw"|"petraCOR"|1|962|0.98|31|"2019-08-15 00:23:02"|1565828582.0
"e5m5yb"|"losangelscv"|1|958|0.99|28|"2019-12-03 19:26:53"|1575401213.0
"d9omtw"|""|1|962|0.98|16|"2019-09-26 19:37:34"|1569526654.0
"cftsid"|"mason6216"|1|959|0.98|31|"2019-07-21 01:52:29"|1563673949.0
"cy5083"|"Dochertyyy"|1|955|0.98|33|"2019-09-01 03:18:29"|1567307909.0
"f4czx6"|"Leomisis"|1|955|0.99|14|"2020-02-15 18:00:16"|1581789616.0
"encld6"|"elozio"|1|957|0.99|34|"2020-01-11 20:16:52"|1578773812.0
"e3tfd5"|"jerremypeter"|1|949|0.97|27|"2019-11-30 08:55:25"|1575104125.0
"hft6b8"|"supvicko"|0|952|0.99|18|"2020-06-25 20:09:41"|1593115781.0
"csvvsd"|"sandgroperboy"|1|955|0.99|27|"2019-08-20 09:49:35"|1566294575.0
"ha9fw3"|"tannerpaul80"|1|951|0.98|19|"2020-06-16 18:17:09"|1592331429.0
"hbssb4"|"mdeavie"|1|950|0.99|27|"2020-06-19 02:58:50"|1592535530.0
"hbbqmf"|"zenoderbanger"|0|946|0.97|17|"2020-06-18 09:58:20"|1592474300.0
"f1r3cu"|"Alldayinallways"|1|943|0.99|45|"2020-02-10 14:32:07"|1581345127.0
"de9ou8"|"aramelijah"|1|948|0.99|38|"2019-10-06 21:27:18"|1570397238.0
"d30d71"|"b_lame"|1|949|0.99|19|"2019-09-12 01:11:34"|1568250694.0
"cobngb"|"Chokolla"|1|951|0.99|26|"2019-08-10 01:29:31"|1565400571.0
"h0kwks"|"elozio"|1|945|0.99|27|"2020-06-10 21:38:47"|1591825127.0
"eoks2n"|"klamb5"|1|944|0.95|23|"2020-01-14 12:43:53"|1579005833.0
"cos2te"|"LetMeBeGay"|1|943|0.98|23|"2019-08-11 03:51:48"|1565495508.0
"gmpqs7"|"Sentinel013"|1|951|0.99|37|"2020-05-19 14:35:55"|1589898955.0
"f7hf3h"|"michigander-"|1|942|0.99|16|"2020-02-21 20:48:45"|1582318125.0
"g7t27s"|"George-Last"|1|945|0.97|37|"2020-04-25 12:54:51"|1587819291.0
"egifdh"|"POpopo87"|0|944|0.93|56|"2019-12-27 23:04:20"|1577487860.0
"dlndsp"|""|1|944|0.99|29|"2019-10-22 19:54:05"|1571774045.0
"exldiq"|"evangiepa"|1|946|0.98|22|"2020-02-02 08:15:37"|1580631337.0
"erz4q8"|"Brandon_deRock"|0|944|0.99|25|"2020-01-21 18:55:39"|1579632939.0
"do7vp9"|"marcusclarcus"|0|943|0.99|50|"2019-10-28 12:02:50"|1572264170.0
"ctztcw"|"pipearango25"|1|943|0.99|22|"2019-08-22 16:28:32"|1566491312.0
"fmrcdb"|"JNRmatt"|1|939|0.98|31|"2020-03-22 01:28:52"|1584840532.0
"gpg1sc"|"Red_Paw"|1|938|0.99|49|"2020-05-24 00:31:38"|1590280298.0
"f8ooh7"|"Seanviii"|0|934|0.99|26|"2020-02-24 09:11:20"|1582535480.0
"ehafme"|""|1|937|0.98|21|"2019-12-29 19:45:10"|1577648710.0
"drgr7t"|"NJheadinNYC"|0|934|0.99|39|"2019-11-04 12:11:49"|1572869509.0
"hbps9q"|"connor-unconvered"|1|937|0.99|24|"2020-06-18 23:45:38"|1592523938.0
"ei9c77"|"POpopo87"|1|935|0.98|22|"2019-12-31 21:45:57"|1577828757.0
"fdjtgc"|"jcsports"|0|930|1.0|20|"2020-03-04 21:10:06"|1583356206.0
"ejvndq"|"Ins3rtUs3rnam3Here"|1|933|0.97|24|"2020-01-04 11:35:46"|1578137746.0
"gzsvpo"|"dbaker580"|0|933|0.98|26|"2020-06-09 18:26:50"|1591727210.0
"gy1z3s"|"Southern-Avocado-320"|1|931|0.96|26|"2020-06-07 00:03:45"|1591488225.0
"gsr7bo"|"ali_mz27"|1|925|0.99|24|"2020-05-29 11:26:47"|1590751607.0
"devtih"|"bammbamm95"|1|926|0.98|31|"2019-10-08 05:46:31"|1570513591.0
"e28ztp"|"ImpressiveSecret"|1|921|0.98|14|"2019-11-27 02:16:39"|1574820999.0
"ez2omx"|"mr-house0210"|1|917|0.99|24|"2020-02-05 03:12:42"|1580872362.0
"dora9v"|"potatochippopotamus"|1|922|0.98|24|"2019-10-29 15:19:13"|1572362353.0
"ez8ymu"|"NJheadinNYC"|1|918|0.99|25|"2020-02-05 12:39:20"|1580906360.0
"e6oh6b"|"-Zinger"|1|918|0.99|19|"2019-12-05 22:03:07"|1575583387.0
"d2s2b1"|"Kot-Blue"|1|917|0.99|25|"2019-09-11 15:38:17"|1568216297.0
"fzyhp2"|"Adam_T_1995"|1|913|0.99|28|"2020-04-12 15:18:36"|1586704716.0
"fonxne"|"nutty__nutts"|1|913|0.99|22|"2020-03-25 10:18:42"|1585131522.0
"fii7vh"|"callmeonmyzelphone"|1|915|0.98|32|"2020-03-14 13:18:04"|1584191884.0
"ev37j7"|"salem_iiii"|1|913|0.97|39|"2020-01-28 09:10:08"|1580202608.0
"geug0p"|"kdallas87"|1|918|0.98|35|"2020-05-06 22:47:20"|1588805240.0
"f7r9ct"|"Ins3rtUs3rnam3Here"|0|916|0.98|16|"2020-02-22 11:11:47"|1582369907.0
"ekz4c8"|"s-hoe"|1|912|0.98|41|"2020-01-06 19:44:13"|1578339853.0
"fxlnrk"|"felipelfj90"|0|913|0.98|42|"2020-04-09 04:17:00"|1586405820.0
"dqedfp"|"jerremypeter"|1|908|0.98|31|"2019-11-02 02:29:29"|1572661769.0
"djcfoo"|"scott2402"|1|916|0.99|22|"2019-10-17 20:44:24"|1571345064.0
"hbnact"|"gdg2141996"|1|908|0.97|19|"2020-06-18 21:20:53"|1592515253.0
"d9yjjb"|"OneThirdof3"|1|913|0.98|14|"2019-09-27 10:39:02"|1569580742.0
"djqoue"|"b-enchante"|0|906|0.98|37|"2019-10-18 17:22:00"|1571419320.0
"ddfjpw"|"b-enchante"|1|904|0.99|19|"2019-10-04 23:40:58"|1570232458.0
"dav7tj"|"peachftm"|0|908|0.92|29|"2019-09-29 13:37:46"|1569764266.0
"cndhpm"|"rurogrime"|1|906|0.98|26|"2019-08-07 23:35:34"|1565220934.0
"gqmhdl"|"petraCOR"|1|905|0.99|26|"2020-05-26 00:13:58"|1590452038.0
"fj1787"|"Oddvark827"|1|907|0.99|19|"2020-03-15 13:19:11"|1584278351.0
"go4emv"|"Szissors"|1|910|0.99|33|"2020-05-21 20:18:53"|1590092333.0
"gpyxda"|"the_vulvina"|1|903|0.99|19|"2020-05-24 22:34:15"|1590359655.0
"erqvo1"|"alekscott"|1|908|0.99|27|"2020-01-21 06:45:23"|1579589123.0
"ddtsg3"|"gman1998gman"|1|905|0.99|20|"2019-10-05 21:45:22"|1570311922.0
"gsnyep"|"thefirstlogan"|1|899|0.97|22|"2020-05-29 07:04:41"|1590735881.0
"e1j0uk"|"Kot-Blue"|1|901|0.99|26|"2019-11-25 17:10:02"|1574701802.0
"gco3s7"|"huirdo"|0|898|0.97|21|"2020-05-03 10:03:13"|1588500193.0
"g66yrc"|"aramelijah"|1|902|0.99|28|"2020-04-22 18:53:07"|1587581587.0
"fl6m6w"|"gman1998gman"|0|907|0.99|32|"2020-03-19 08:30:11"|1584606611.0
"epmfcg"|"lomax129"|1|895|0.98|53|"2020-01-16 17:25:18"|1579195518.0
"eh79ds"|"lhmo"|0|900|0.99|34|"2019-12-29 15:40:02"|1577634002.0
"dgwpsz"|"Sckoko"|0|902|0.99|23|"2019-10-12 15:38:09"|1570894689.0
"dlb864"|"ryefly"|1|900|0.99|23|"2019-10-22 02:24:12"|1571711052.0
"dfr2xo"|"neatoni"|1|899|0.99|41|"2019-10-10 01:49:15"|1570672155.0
"cfhyrz"|"jmoody1123"|1|897|0.98|30|"2019-07-20 04:51:26"|1563598286.0
"f5y040"|"DevinIsAll"|1|896|0.98|24|"2020-02-18 20:18:01"|1582057081.0
"ey7xfv"|"b-enchante"|1|894|0.98|29|"2020-02-03 14:30:02"|1580740202.0
"fm4hfc"|"Artoria0"|0|889|0.99|81|"2020-03-20 22:50:47"|1584744647.0
"gyeogu"|"boon4376"|1|891|0.99|27|"2020-06-07 15:45:33"|1591544733.0
"dm05ay"|"Muggy_Duke"|0|894|0.98|17|"2019-10-23 14:32:24"|1571841144.0
"fq68v5"|"dodgycritter"|0|888|0.98|24|"2020-03-27 21:29:54"|1585344594.0
"g882hm"|"aramelijah"|1|891|0.97|18|"2020-04-26 04:28:31"|1587875311.0
"egqqzc"|""|1|892|0.99|34|"2019-12-28 13:29:08"|1577539748.0
"dvbvfb"|"Leomisis"|1|884|0.98|22|"2019-11-12 15:57:14"|1573574234.0
"dcxe2x"|"Burton272727"|0|888|0.98|25|"2019-10-03 21:18:53"|1570137533.0
"dvatb1"|"MizuCygnus"|1|888|0.99|21|"2019-11-12 14:37:58"|1573569478.0
"e8dphj"|"baldneyspreads"|1|883|0.99|41|"2019-12-09 18:19:09"|1575915549.0
"e5k42n"|"Dukes_Dad"|0|881|0.99|45|"2019-12-03 17:08:05"|1575392885.0
"d1djy5"|"kingbadjuju"|0|879|0.99|22|"2019-09-08 16:59:04"|1567961944.0
"cq1or4"|"Jdj6"|1|880|0.98|45|"2019-08-13 23:59:48"|1565740788.0
"glh6au"|"The_Bae_Life"|1|876|0.98|32|"2020-05-17 15:22:23"|1589728943.0
"dt5444"|"Commander-Cunt"|1|882|0.97|30|"2019-11-07 22:00:18"|1573164018.0
